deal_id,party,producer,consumer,hedged,evidence_ref,note
DEAL-ANN-ASCENA-2015,target,,,,,
DEAL-ANN-ASCENA-2015,acquirer,,,,,
DEAL-APC-OXY-2019,target,,,,,
DEAL-APC-OXY-2019,acquirer,,,,,
DEAL-BARRY-MRGB-2014,target,,,,,
DEAL-BARRY-MRGB-2014,acquirer,,,,,
DEAL-BLYTH-CARLYL-2015,target,,,,,
DEAL-BLYTH-CARLYL-2015,acquirer,,,,,
DEAL-CEC-APOLLO-2014,target,,,,,
DEAL-CEC-APOLLO-2014,acquirer,,,,,
DEAL-CERN-ORCL-2021,target,,,,,
DEAL-CERN-ORCL-2021,acquirer,,,,,
DEAL-CPRI-TPR-2023,target,,,,,
DEAL-CPRI-TPR-2023,acquirer,,,,,
DEAL-EA-PIFSLAFF-2025,target,,,,,
DEAL-EA-PIFSLAFF-2025,acquirer,,,,,
DEAL-EINSTE-JAB-2014,target,,,,,
DEAL-EINSTE-JAB-2014,acquirer,,,,,
DEAL-ENTROP-MAXLIN-2015,target,,,,,
DEAL-ENTROP-MAXLIN-2015,acquirer,,,,,
DEAL-IMPRIV-THOMA-2016,target,,,,,
DEAL-IMPRIV-THOMA-2016,acquirer,,,,,
DEAL-INFORM-ITALIC-2015,target,,,,,
DEAL-INFORM-ITALIC-2015,acquirer,,,,,
DEAL-LNKD-MSFT-2016,target,,,,,
DEAL-LNKD-MSFT-2016,acquirer,,,,,
DEAL-MKTG-AEGIS-2014,target,,,,,
DEAL-MKTG-AEGIS-2014,acquirer,,,,,
DEAL-MXIM-ADI-2020,target,,,,,
DEAL-MXIM-ADI-2020,acquirer,,,,,
DEAL-NUAN-MSFT-2021,target,,,,,
DEAL-NUAN-MSFT-2021,acquirer,,,,,
DEAL-ODP-SPLS-2015,target,,,,,
DEAL-ODP-SPLS-2015,acquirer,,,,,
DEAL-ORBITZ-EXPEDI-2015,target,,,,,
DEAL-ORBITZ-EXPEDI-2015,acquirer,,,,,
DEAL-REYNOL-IMPERI-2014,target,,,,,
DEAL-REYNOL-IMPERI-2014,acquirer,,,,,
DEAL-STEINE-CATTER-2015,target,,,,,
DEAL-STEINE-CATTER-2015,acquirer,,,,,
