deal_id,announce_date,manifest_acquirer,deal_type,source_accession,source_form,source_filing_date,source_acceptance_et,source_basis,extraction_method,parent_entity,parent_quote,ultimate_parent,ultimate_quote,header_filer,pe_signal,pe_quote,matched_name,candidate_ciks,cik,sec_name,sic,sic_description,manifest_name_consistent,status,unknown_reason,identity_note,error
DEAL-CRNX-VRTX-2026,2026-07-06,Vertex Pharmaceuticals Incorporated,strategic,0001140361-26-027642,8-K,2026-07-06,2026-07-06T17:17:19,manifest_announcement_accession,defined_parent_term,Vertex Pharmaceuticals Incorporated,"try into a Material Definitive Agreement. Merger Agreement. On July 6, 2026, Crinetics Pharmaceuticals, Inc., a Delaware corporation (the “Company”), Vertex Pharmaceuticals Incorporated, a Massachusetts corporation (“Parent”), and Clark Merger Sub, Inc., a Delaware corporati",,,,False,,,,,,,,True,unknown,acquirer_no_unique_sec_registrant,,
DEAL-ESI-SOLS-2026,2026-07-06,Solstice Advanced Materials Inc.,strategic,0001104659-26-080825,8-K,2026-07-06,2026-07-06T17:18:48,manifest_announcement_accession,defined_parent_term,Solstice Advanced Materials Inc,"iv. AGREEMENT AND PLAN OF MERGER. This Agreement and Plan of Merger (this “Agreement”) is made and entered into as of July 6, 2026, by and among: (a) Solstice Advanced Materials Inc., a Delaware corporation (“Parent”); (b) Solar Merger Sub One Inc., a Delaware corpor",,,,False,,Solstice Advanced Materials Inc,2064953,2064953,Solstice Advanced Materials Inc.,2800,Chemicals & Allied Products,True,resolved,,,
DEAL-EA-PIFSLAFF-2025,2025-09-28,"Oak-Eagle AcquireCo, Inc.",take_private,0001140361-25-036415,8-K,2025-09-29,2025-09-29T08:05:41,manifest_announcement_accession,defined_parent_term,"Oak-Eagle AcquireCo, Inc","025, Electronic Arts Inc. (“Electronic Arts” or the “Company”) entered into an Agreement and Plan of Merger (the “Merger Agreement”) by and among the Company, Oak-Eagle AcquireCo, Inc., a Delaware corporation (“Parent”), and Oak-Eagle MergerCo, Inc., a Delaware corpora",,,,True,"laware corporation (“Parent”), and Oak-Eagle MergerCo, Inc., a Delaware corporation and wholly owned subsidiary of Parent (“Merger Sub”) pursuant to which the Company is to be acquired by an investor consortium comprised of The Public Investment Fund (“PIF”), private investment funds affiliated with Silver Lake Group, L.L.C. (“Silver Lake”) and private investment funds affiliated with Affinity Par",,,,,,,True,unknown,acquirer_pe_buyer_unresolved,,
DEAL-SSTK-GETY-2025,2025-01-06,"Getty Images Holdings, Inc.",strategic,0001140361-25-000468,8-K,2025-01-07,2025-01-07T17:18:17,manifest_announcement_accession,defined_parent_term,"Getty Images Holdings, Inc","ary of the Company (“HoldCo”), Grammy Merger Sub One, Inc., a Delaware corporation and a directly wholly owned subsidiary of HoldCo (“Merger Sub 1”), Getty Images Holdings, Inc., a Delaware corporation (“Parent”), Grammy Merger Sub 2, Inc., a Delaware corporatio",,,,False,,"Getty Images Holdings, Inc",1898496,1898496,"Getty Images Holdings, Inc.",7389,"Services-Business Services, NEC",True,resolved,,,
DEAL-JNPR-HPE-2024,2024-01-09,Hewlett Packard Enterprise Company,strategic,0001193125-24-005659,8-K,2024-01-10,2024-01-10T09:00:34,manifest_announcement_accession,defined_parent_term,Hewlett Packard Enterprise Company,". AGREEMENT AND PLAN OF MERGER (this “Agreement”), dated as of January 9, 2024, among Juniper Networks, Inc., a Delaware corporation (the “Company”), Hewlett Packard Enterprise Company, a Delaware corporation (“Parent”), and Jasmine Acquisition Sub, Inc., a Delaware co",,,,False,,Hewlett Packard Enterprise Company,1645590,1645590,Hewlett Packard Enterprise Co,3570,Computer & office Equipment,True,resolved,,,
DEAL-HCP-IBM-2024,2024-04-24,International Business Machines Corporation,strategic,0001193125-24-114310,8-K,2024-04-25,2024-04-25T17:15:05,manifest_announcement_accession,defined_parent_term,INTERNATIONAL BUSINESS MACHINES CORPORATION,"als. Welfare Plan. 3.01(m)(iv). Willful Breach. 8.03(x). vi. AGREEMENT AND PLAN OF MERGER dated as of April 24, 2024 (this “Agreement”), by and among INTERNATIONAL BUSINESS MACHINES CORPORATION, a New York corporation (“Parent”), MCCLOUD MERGER SUB, INC., a Delaware corporation",,,,False,,INTERNATIONAL BUSINESS MACHINES CORPORATION,51143,51143,INTERNATIONAL BUSINESS MACHINES CORP,3570,Computer & office Equipment,True,resolved,,,
DEAL-CPRI-TPR-2023,2023-08-10,"Tapestry, Inc.",strategic,0001193125-23-208278,8-K,2023-08-10,2023-08-10T09:20:28,manifest_announcement_accession,defined_parent_term,"TAPESTRY, INC","B Articles of Merger. Annex C Plan of Merger. -iii-. AGREEMENT AND PLAN OF MERGER. This AGREEMENT AND PLAN OF MERGER (this “Agreement”), dated as of August 10, 2023, is by and among TAPESTRY, INC. , a Maryland corporation (“Parent”), SUNRISE MERGER SUB, INC. , a British Virgin Isla",,,,False,,"TAPESTRY, INC",1116132,1116132,"TAPESTRY, INC.",3100,Leather & Leather Products,True,resolved,,,
DEAL-WLTW-AON-2020,2020-03-09,Aon plc,strategic,0001193125-20-066129,8-K,2020-03-09,2020-03-09T07:24:17,manifest_announcement_accession,,,,,,,False,,,,,,,,,unknown,acquirer_not_identified_in_merger_filing,,
DEAL-RHT-IBM-2018,2018-10-28,International Business Machines Corporation,strategic,0001193125-18-310577,8-K,2018-10-29,2018-10-29T16:09:01,manifest_announcement_accession,defined_parent_term,International Business Machines Corporation,"n October 28, 2018, Red Hat, Inc., a Delaware corporation (the “Company”), entered into an Agreement and Plan of Merger (the “Merger Agreement”) with International Business Machines Corporation, a New York corporation (“Parent”), and Socrates Acquisition Corp., a Delaware corpo",,,,False,,International Business Machines Corporation,51143,51143,INTERNATIONAL BUSINESS MACHINES CORP,3570,Computer & office Equipment,True,resolved,,,
DEAL-LNKD-MSFT-2016,2016-06-11,Microsoft Corporation,strategic,0001104659-16-126712,8-K,2016-06-13,2016-06-13T08:39:06,manifest_announcement_accession,defined_parent_term,Microsoft Corporation,"finitive Agreement. On June 11, 2016, LinkedIn Corporation (the “Company”) entered into an Agreement and Plan of Merger (the “Merger Agreement”) with Microsoft Corporation (“Parent”) and Liberty Merger Sub Inc., a wholly owned subsi",,,,False,,Microsoft Corporation,789019,789019,MICROSOFT CORP,7372,Services-Prepackaged Software,True,resolved,,,
DEAL-ODP-SPLS-2015,2015-02-04,"Staples, Inc.",strategic,0001193125-15-033873,8-K,2015-02-04,2015-02-04T17:32:34,manifest_announcement_accession,defined_parent_term,"Staples, Inc","MENT AND PLAN OF MERGER (this “Agreement”), dated as of February 4, 2015, is by and among Office Depot, Inc., a Delaware corporation (the “Company”), Staples, Inc., a Delaware corporation (“Parent”), and Staples AMS, Inc., a Delaware corporation an",,,,False,,"Staples, Inc",791519,791519,STAPLES INC,5940,Retail-Miscellaneous Shopping Goods Stores,True,resolved,,,
DEAL-HUM-AET-2015,2015-07-02,Aetna Inc.,strategic,0001193125-15-246897,8-K,2015-07-07,2015-07-07T17:23:34,manifest_announcement_accession,defined_parent_term,Aetna Inc,"ificate of Incorporation of Initial Surviving Corporation. AGREEMENT AND PLAN OF MERGER. AGREEMENT AND PLAN OF MERGER (this “Agreement”), dated as of July 2, 2015, among Aetna Inc., a Pennsylvania corporation (“Parent”), Echo Merger Sub, Inc., a Delaware corporation an",,,,False,,Aetna Inc,1013761;1122304,1122304,AETNA INC /PA/,6324,Hospital & Medical Service Plans,True,resolved,,,
DEAL-WFM-AMZN-2017,2017-06-15,"Amazon.com, Inc.",strategic,0001047469-17-004058,8-K,2017-06-16,2017-06-16T09:18:17,manifest_announcement_accession,defined_parent_term,"Amazon.com, Inc","les of Incorporation of the Surviving Corporation. ii. AGREEMENT AND PLAN OF MERGER. This AGREEMENT AND PLAN OF MERGER (this""Agreement""), dated as of June 15, 2017, is by and among Amazon.com, Inc., a Delaware corporation (""Parent""), Walnut Merger Sub, Inc., a Texas corporation and",,,,False,,"Amazon.com, Inc",1018724,1018724,AMAZON COM INC,5961,Retail-Catalog & Mail-Order Houses,True,resolved,,,
DEAL-MON-BAYER-2016,2016-09-14,Bayer Aktiengesellschaft,strategic,0001193125-16-714915,8-K,2016-09-20,2016-09-20T17:03:33,manifest_announcement_accession,defined_parent_term,Bayer Aktiengesellschaft,"of Incorporation of the Surviving Corporation. -iii-. AGREEMENT AND PLAN OF MERGER. This AGREEMENT AND PLAN OF MERGER (this “Agreement”), dated as of September 14, 2016, is by and among Bayer Aktiengesellschaft, a German stock corporation (“Parent”), KWA Investment Co., a Delaware corporation and a",,,,False,,,790075;1008007;1144145,,,,,True,unknown,acquirer_no_unique_sec_registrant,,
DEAL-CI-ANTM-2015,2015-07-23,"Anthem, Inc.",strategic,0000950159-15-000230,8-K,2015-07-27,2015-07-24T18:43:57,manifest_announcement_accession,merger_agreement_party_clause,"Anthem, Inc","t. On July 23, 2015, Cigna Corporation, a Delaware corporation (“Cigna”), entered into an Agreement and Plan of Merger (the “Merger Agreement”) among Cigna, Anthem, Inc., an Indiana corporation (“Anthem”), and Anthem Merger Sub Corp., a Delaware corporat",,,,False,,"Anthem, Inc",1156039,1156039,"Elevance Health, Inc.",6324,Hospital & Medical Service Plans,True,resolved,,,
DEAL-BHI-HAL-2014,2014-11-16,Halliburton Company,strategic,0000950103-14-008110,8-K,2014-11-18,2014-11-18T14:41:08,manifest_announcement_accession,defined_parent_term,Halliburton Company,"(f). Termination Date. 9.2(a). iii. AGREEMENT AND PLAN OF MERGER. This Agreement and Plan of Merger (this “Agreement”) is made and entered into as of November 16, 2014, among Halliburton Company, a Delaware corporation (“Parent”), Red Tiger LLC, a Delaware limited liability comp",,,,False,,Halliburton Company,45012,45012,HALLIBURTON CO,1389,"Oil & Gas Field Services, NEC",True,resolved,,,
DEAL-ATVI-MSFT-2022,2022-01-18,Microsoft Corporation,strategic,0001104659-22-005154,8-K,2022-01-19,2022-01-19T07:00:32,manifest_announcement_accession,defined_parent_term,Microsoft Corporation,"Activision Blizzard, Inc., a Delaware corporation (the “Company” or “we”), entered into an Agreement and Plan of Merger (the “Merger Agreement”) with Microsoft Corporation (“Parent”), a Washington corporation, and Anchorage Merger S",Parent or Merger Sub or,"ch shares will remain outstanding and unaffected by the Merger), (ii) owned by Parent or Merger Sub, (iii) owned by any direct or indirect wholly owned subsidiary of Parent or Merger Sub or (iv) held by stockholders who have neit",,False,,Microsoft Corporation,789019,789019,MICROSOFT CORP,7372,Services-Prepackaged Software,True,resolved,,,
DEAL-TWTR-XHOLDINGS-2022,2022-04-25,"X Holdings I, Inc.",take_private,0001193125-22-120461,8-K,2022-04-26,2022-04-26T17:10:18,manifest_announcement_accession,defined_parent_term,"X Holdings I, Inc","Agreement. Merger Agreement. On April 25, 2022, Twitter, Inc. (“Twitter”) entered into an Agreement and Plan of Merger (the “Merger Agreement”) with X Holdings I, Inc. (“Parent”), X Holdings II, Inc., a wholly owned subsidiary o",,,,True,"”). The Limited Guarantee guarantees, among other things, the payment of the termination fee payable by Parent to Twitter, subject to the conditions set forth in the Limited Guarantee. Pursuant to an equity commitment letter dated April 25, 2022, and subject to the terms thereof, Mr. Musk committed to provide Parent, at the effective time of the Merger, with an equity contribution of up to approxi",,,,,,,True,unknown,acquirer_pe_buyer_unresolved,,
DEAL-TWC-CMCSA-2014,2014-02-12,Comcast Corporation,strategic,0001193125-14-051452,8-K,2014-02-13,2014-02-13T17:18:06,manifest_announcement_accession,defined_parent_term,Comcast Corporation,"AGREEMENT AND PLAN OF MERGER (this “Agreement”), dated as of February 12, 2014, among Time Warner Cable Inc., a Delaware corporation (the “Company”), Comcast Corporation, a Pennsylvania corporation (“Parent”), and Tango Acquisition Sub, Inc., a Delaware corp",,,,False,,Comcast Corporation,22301;1166691,1166691,COMCAST CORP,4841,Cable & Other Pay Television Services,True,resolved,,,
DEAL-PACB-ILMN-2018,2018-11-01,"Illumina, Inc.",strategic,0001193125-18-318421,8-K,2018-11-05,2018-11-05T16:33:11,manifest_announcement_accession,defined_parent_term,"Illumina, Inc","LAN OF MERGER (this “Agreement”) dated as of November 1, 2018, among Pacific Biosciences of California, Inc., a Delaware corporation (the “Company”), Illumina, Inc., a Delaware corporation (“Parent”), and FC Ops Corp., a Delaware corporation and a w",,,,False,,"Illumina, Inc",1110803,1110803,"ILLUMINA, INC.",3826,Laboratory Analytical Instruments,True,resolved,,,
DEAL-CERN-ORCL-2021,2021-12-20,Oracle Corporation,strategic,0001193125-21-363898,8-K,2021-12-22,2021-12-21T20:06:33,manifest_announcement_accession,defined_parent_term,OC Acquisition LLC,"ment. On December 20, 2021, Cerner Corporation (“Cerner” or the “Company”) entered into an Agreement and Plan of Merger (the “Merger Agreement”) with OC Acquisition LLC (“Parent”), Cedar Acquisition Corporation (“Merger Subsidiar",,,,False,,,1685623,,,,,False,unknown,acquirer_no_unique_sec_registrant,,
DEAL-NUAN-MSFT-2021,2021-04-11,Microsoft Corporation,strategic,0001193125-21-113796,8-K,2021-04-13,2021-04-13T06:05:03,manifest_announcement_accession,defined_parent_term,Microsoft Corporation,"er. On April 11, 2021, Nuance Communications, Inc. (the “Company” or “we”) entered into an Agreement and Plan of Merger (the “Merger Agreement”) with Microsoft Corporation (“Parent”), a corporation organized under the laws of Washin",,,,False,,Microsoft Corporation,789019,789019,MICROSOFT CORP,7372,Services-Prepackaged Software,True,resolved,,,
DEAL-FIVN-ZM-2021,2021-07-16,"Zoom Video Communications, Inc.",strategic,0001193125-21-217962,8-K,2021-07-19,2021-07-19T06:05:04,manifest_announcement_accession,defined_parent_term,"Zoom Video Communications, Inc","ENFORCEMENT; REMEDIES 80. ANNEX A Definitions. -iv-. AGREEMENT AND PLAN OF MERGER. This AGREEMENT AND PLAN OF MERGER (this “Agreement”), dated as of July 16, 2021, is by and among Zoom Video Communications, Inc., a Delaware corporation (“Parent”), Summer Merger Sub, Inc., a Delaware corporation",,,,False,,"Zoom Video Communications, Inc",1585521,1585521,"Zoom Communications, Inc.",7370,"Services-Computer Programming, Data Processing, Etc.",True,resolved,,,
DEAL-MNTV-ZEN-2021,2021-10-28,"Zendesk, Inc.",strategic,0001193125-21-313506,8-K,2021-10-29,2021-10-29T17:01:37,manifest_announcement_accession,defined_parent_term,"ZENDESK, INC","iv. AGREEMENT AND PLAN OF MERGER. THIS AGREEMENT AND PLAN OF MERGER (this “Agreement”) is made and entered into as of October 28, 2021, by and among: ZENDESK, INC. , a Delaware corporation (“Parent”); MILKY WAY ACQUISITION CORP. , a Delaware corpora",,,,True,"l Adverse Effect on the Company; (v) none of the Acquired Companies: (1) is or has been a member or promoter of, made any submission or contribution to, or is subject to any Contract with, any forum, consortium, patent pool, standards body or similar Person (each, a “Standards Organization”) that does or would obligate any Acquired Company to grant or offer a license or other right to, or otherwis","ZENDESK, INC",1463172,1463172,"Zendesk, Inc.",7374,Services-Computer Processing & Data Preparation,True,resolved,,,
DEAL-ALTR-INTC-2015,2015-05-31,Intel Corporation,strategic,0001193125-15-209024,8-K,2015-06-01,2015-06-01T16:11:05,manifest_announcement_accession,defined_parent_term,Intel Corporation,"Definitive Agreement. On May 31, 2015, Altera Corporation (the “Company”) entered into an Agreement and Plan of Merger (the “Merger Agreement”) with Intel Corporation (“Parent”) and 615 Corporation, a wholly owned subsidiary of",,,,False,,Intel Corporation,50863,50863,INTEL CORP,3674,Semiconductors & Related Devices,True,resolved,,,
DEAL-APC-OXY-2019,2019-05-09,Occidental Petroleum Corporation,strategic,0000950142-19-001038,425,2019-05-09,2019-05-09T16:21:06,manifest_announcement_accession,,,,,,FILED BY:CHEVRON CORP:93410,False,,,,,,,,,unknown,acquirer_not_identified_in_merger_filing,header filer CHEVRON CORP conflicts with manifest acquirer; not used,
DEAL-ARNA-PFE-2021,2021-12-12,Pfizer Inc.,strategic,0001140361-21-041296,8-K,2021-12-13,2021-12-13T06:04:59,manifest_announcement_accession,defined_parent_term,Pfizer Inc,"01 Entry into a Material Definitive Agreement. On December 12, 2021, Arena entered into an Agreement and Plan of Merger (the “Merger Agreement”) with Pfizer Inc., a Delaware corporation (“Parent”), and Antioch Merger Sub, Inc., a Delaware corpora",,,,False,,Pfizer Inc,78003,78003,PFIZER INC,2834,Pharmaceutical Preparations,True,resolved,,,
DEAL-AVLR-VISTA-2022,2022-08-08,"Lava Intermediate, Inc.",take_private,0001193125-22-215237,8-K,2022-08-09,2022-08-08T19:31:58,manifest_announcement_accession,defined_parent_term,"Lava Intermediate, Inc",".01 Entry into a Material Definitive Agreement. Agreement and Plan of Merger. On August 8, 2022, Avalara, Inc., a Washington corporation (“Avalara”), Lava Intermediate, Inc., a Delaware corporation (“Parent”) and Lava Merger Sub, Inc., a Washington corporati",,,,True,"ial information to, any person relating to certain alternative business combination transactions. Concurrently with the execution of the Merger Agreement, (i) Parent has delivered to Avalara executed equity commitment letters (the “Equity Commitment Letters”) from certain affiliates of Vista Equity Partners in partnership with institutional co-investors (the “Equity Investors”), pursuant to which ",,,,,,,True,unknown,acquirer_pe_buyer_unresolved,,
DEAL-CHNG-UNH-2021,2021-01-06,UnitedHealth Group Incorporated,strategic,0001193125-21-003258,8-K,2021-01-06,2021-01-06T17:00:59,manifest_announcement_accession,defined_parent_term,UnitedHealth Group Incorporated,"ary 5, 2021, Change Healthcare Inc. (the “Company” or “Change Healthcare”) entered into an Agreement and Plan of Merger (the “Merger Agreement”) with UnitedHealth Group Incorporated (“Parent”) and Cambridge Merger Sub Inc., a wholly owned sub",,,,True,"specified circumstances, the Company will be required to pay to Parent a termination fee of $300 million. Support Agreement. Concurrently with the entry into the Merger Agreement, Parent and certain investment funds affiliated with Blackstone entered into a Support Agreement (the “Support Agreement”). The Support Agreement provides that such investment funds will vote the Shares that they control ",UnitedHealth Group Incorporated,731766,731766,UNITEDHEALTH GROUP INC,6324,Hospital & Medical Service Plans,True,resolved,,,
DEAL-CLDR-KKRCDR-2021,2021-06-01,Sky Parent Inc.,take_private,0001193125-21-177699,8-K,2021-06-01,2021-06-01T06:09:34,manifest_announcement_accession,defined_parent_term,Sky Parent Inc,". On June 1, 2021, Cloudera, Inc., a Delaware corporation (the “Company”), entered into an Agreement and Plan of Merger (the “Merger Agreement”) with Sky Parent Inc., a Delaware corporation (“Parent”), and Project Sky Merger Sub Inc., a Delaware corp",,,,True,"th therein, Merger Sub will be merged with and into the Company, with the Company surviving the merger as a wholly-owned subsidiary of Parent (the “Merger”). Parent and Merger Sub are subsidiaries of investment funds advised by Clayton, Dubilier & Rice, LLC (“CD&R”) and Kohlberg Kravis Roberts & Co. L.P. (“KKR”), US-based private equity firms. Pursuant to the Merger Agreement, at the effective tim",,,,,,,True,unknown,acquirer_pe_buyer_unresolved,,
DEAL-CONE-KKRGIP-2021,2021-11-14,Cavalry Parent L.P.,take_private,0000950157-21-001169,8-K,2021-11-15,2021-11-15T16:45:33,manifest_announcement_accession,defined_parent_term,Cavalry Parent L.P,"November 14, 2021, CyrusOne Inc., a Maryland corporation (the “Company”), entered into an Agreement and Plan of Merger (the “Merger Agreement”) with Cavalry Parent L.P., a Delaware limited partnership (“Parent”), and Cavalry Merger Sub LLC, a Delaware limited l",,,,True,"tion of this Agreement;. WHEREAS, concurrently with the execution of this Agreement, and as a condition and inducement to the Company’s willingness to enter into this Agreement, Global Infrastructure Partners IV-A/B, L.P, Global Infrastructure Partners IV-C Intermediate, L.P., Global Infrastructure Partners IV-C2 Intermediate, L.P., GIP IV Friends & Family Fund, L.P., KKR Global Infrastructure Inv",,,,,,,True,unknown,acquirer_pe_buyer_unresolved,,
DEAL-COR-AMT-2021,2021-11-14,American Tower Corporation,strategic,0001104659-21-138523,8-K,2021-11-15,2021-11-15T07:11:03,manifest_announcement_accession,defined_parent_term,American Tower Investments LLC,"reSite, L.P., a Delaware limited partnership (the “Partnership”), entered into an Agreement and Plan of Merger (the “Merger Agreement”), by and among American Tower Investments LLC, a California limited liability company and subsidiary of Parent Guarantor (“Parent”), Appleseed Holdco LLC, a Delaware limited liabili",,,,False,,,,,,,,True,unknown,acquirer_no_unique_sec_registrant,,
DEAL-COUP-TB-2022,2022-12-11,"Project CS Parent, LLC",take_private,0001193125-22-302872,8-K,2022-12-12,2022-12-12T17:19:05,manifest_announcement_accession,defined_parent_term,"Project CS Parent, LLC","December 11, 2022, Coupa Software Incorporated (the “Company” or “Coupa”) entered into an Agreement and Plan of Merger (the “Merger Agreement”) with Project CS Parent, LLC, a Delaware limited liability company (“Parent”), and Project CS Merger Sub, Inc., a Delaware corp",,,,True,"”) with Project CS Parent, LLC, a Delaware limited liability company (“Parent”), and Project CS Merger Sub, Inc., a Delaware corporation and a direct wholly owned subsidiary of Parent (“Merger Sub”). Parent and Merger Sub are affiliates of Thoma Bravo Fund XV, L.P. (“Thoma Bravo”), an investment fund managed by Thoma Bravo, L.P. The transaction includes a significant minority investment from a who",,,,,,,True,unknown,acquirer_pe_buyer_unresolved,,
DEAL-CTXS-PE-2022,2022-01-31,"Picard Parent, Inc.",take_private,0001193125-22-023498,8-K,2022-01-31,2022-01-31T17:14:59,manifest_announcement_accession,defined_parent_term,"Picard Parent, Inc","y 31, 2022, Citrix Systems, Inc., a Delaware Corporation (the “Company”), entered into an Agreement and Plan of Merger (the “Merger Agreement”), with Picard Parent, Inc., a Delaware corporation (“Parent”), Picard Merger Sub, Inc., a Delaware corporation",,,,True,"ay the aggregate Merger Consideration and all related fees and expenses of Parent and Merger Sub and to repay the Company’s outstanding debt. Elliott Associates, L.P. and Elliott International, L.P., funds affiliated with Elliott, have committed, pursuant to an equity commitment letter dated as of January 31, 2022 (the “Equity Commitment Letter”), to capitalize Parent, at or prior to the Effective",,,,,,,True,unknown,acquirer_pe_buyer_unresolved,,
DEAL-CXO-COP-2020,2020-10-18,ConocoPhillips,strategic,0001193125-20-271642,8-K,2020-10-19,2020-10-19T07:19:41,manifest_announcement_accession,defined_parent_term,CONOCOPHILLIPS,"the Surviving Corporation. -iii-. AGREEMENT AND PLAN OF MERGER. AGREEMENT AND PLAN OF MERGER, dated as of October 18, 2020 (this “Agreement”), among CONOCOPHILLIPS, a Delaware corporation (“Parent”), FALCON MERGER SUB CORP., a Delaware corporation",,,,False,,CONOCOPHILLIPS,78214;1163165,1163165,CONOCOPHILLIPS,2911,Petroleum Refining,True,resolved,,,
DEAL-DRE-PLD-2022,2022-06-13,"Prologis, Inc.",strategic,0001104659-22-070373,425,2022-06-13,2022-06-13T09:19:12,manifest_announcement_accession,defined_parent_term+sec_header_filer,"PROLOGIS, INC","Form of Hogan Lovells US LLP Section 368 Opinion. iv. AGREEMENT AND PLAN OF MERGER. This AGREEMENT AND PLAN OF MERGER (this “Agreement”), dated as of June 11, 2022, is made by and among PROLOGIS, INC., a Maryland corporation (“Parent”), PROLOGIS, L.P., a Delaware limited partnership (",Parent OP,"ned subsidiary of Parent (“Prologis Merger Sub”), COMPTON MERGER SUB OP LLC, a Delaware limited liability company and a wholly owned subsidiary of Parent OP (“Prologis OP Merger Sub” and, together","FILED BY:Prologis, Inc.:1045609",False,,"Prologis, Inc.",1045609,1045609,"Prologis, Inc.",6798,Real Estate Investment Trusts,True,resolved,,,
DEAL-GNW-OCEANWIDE-2016,2016-10-21,"Asia Pacific Global Capital Co., Ltd.",take_private,0001193125-16-744407,8-K,2016-10-24,2016-10-24T06:15:04,manifest_announcement_accession,defined_parent_term,"Asia Pacific Global Capital Co., Ltd","hereinafter called this “Agreement”), dated as of October 21, 2016, is by and among Genworth Financial, Inc., a Delaware corporation (the “Company”), Asia Pacific Global Capital Co., Ltd., a limited liability company incorporated in the PRC (“Parent”) and Asia Pacific Global Capital USA Corporation,",,,,True,"nd Wuhan CBD Development & Investment Co., Ltd., a joint stock company incorporate in the PRC (“Wuhan”) (each, an “Investor”) has executed and delivered to each of Parent and the Company that certain equity commitment letter (“Equity Commitment Letter”) from each Investor to Parent, dated as of the date of this Agreement;. WHEREAS, the board of directors of the Company (“Company Board”) has unanim",,,,,,,True,unknown,acquirer_pe_buyer_unresolved,,
DEAL-HZNP-AMGN-2022,2022-12-11,Amgen Inc.,strategic,0001193125-22-302262,8-K,2022-12-12,2022-12-12T07:39:25,manifest_announcement_accession,defined_parent_term,Amgen Inc,"d company incorporated under the laws of Ireland (the “Company”), entered into a Transaction Agreement (the “Transaction Agreement”) by and among the Company, Amgen Inc., a Delaware corporation (“Parent”), and Pillartree Limited, a private limited compan",,,,False,,Amgen Inc,318154,318154,AMGEN INC,2836,"Biological Products, (No Diagnostic Substances)",True,resolved,,,
DEAL-IMGN-ABBV-2023,2023-11-30,AbbVie Inc.,strategic,0001104659-23-122415,8-K,2023-11-30,2023-11-30T16:05:25,manifest_announcement_accession,defined_parent_term,AbbVie Inc,"munoGen, Inc., a Massachusetts corporation (the “Company” or “ImmunoGen”), entered into an Agreement and Plan of Merger (the “Merger Agreement”) with AbbVie Inc., a Delaware corporation (“Parent”), Athene Subsidiary LLC, a Delaware limited liabil",Intermediate Sub,"and wholly owned subsidiary of Parent (“Intermediate Sub”), and Athene Merger Sub Inc., a Massachusetts corporation and wholly owned subsidiary of Intermediate Sub (“Purchaser”), pursuant to which, upon",,False,,AbbVie Inc,1551152,1551152,AbbVie Inc.,2834,Pharmaceutical Preparations,True,resolved,,,
DEAL-IRBT-AMZN-2022,2022-08-04,"Amazon.com, Inc.",strategic,0001193125-22-213174,8-K,2022-08-05,2022-08-05T08:15:41,manifest_announcement_accession,defined_parent_term,"Amazon.com, Inc","of Incorporation of the Surviving Corporation. -ii-. AGREEMENT AND PLAN OF MERGER. This AGREEMENT AND PLAN OF MERGER (this “Agreement”), dated as of August 4, 2022, is by and among Amazon.com, Inc., a Delaware corporation (“Parent”), Martin Merger Sub, Inc., a Delaware corporation",,,,False,,"Amazon.com, Inc",1018724,1018724,AMAZON COM INC,5961,Retail-Catalog & Mail-Order Houses,True,resolved,,,
DEAL-LLTC-ADI-2016,2016-07-26,"Analog Devices, Inc.",strategic,0001193125-16-658166,425,2016-07-26,2016-07-26T16:29:39,manifest_announcement_accession,sec_header_filer,,,,,FILED BY:ANALOG DEVICES INC:6281,False,,ANALOG DEVICES INC,6281,6281,ANALOG DEVICES INC,3674,Semiconductors & Related Devices,True,resolved,,,
DEAL-LSCC-CANYONBRIDGE-2016,2016-11-03,"Canyon Bridge Acquisition Company, Inc.",take_private,0001193125-16-758100,8-K,2016-11-03,2016-11-03T08:18:56,manifest_announcement_accession,defined_parent_term,"Canyon Bridge Acquisition Company, Inc","r Corporation, a Delaware corporation (“Lattice ,” the “Company” or “we”), entered into an Agreement and Plan of Merger (the “Merger Agreement”) with Canyon Bridge Acquisition Company, Inc., a Delaware corporation (“Parent”), and Canyon Bridge Merger Sub, Inc., a Delaware c",,,,True,"time of the Merger, in each case, subject to and upon the conditions set forth in the Merger Agreement. Concurrently with the execution of the Merger Agreement, Parent has delivered to the Company an equity commitment letter (the “Equity Commitment Letter”) from Canyon Bridge Fund I, LP which, subject to the conditions contained in such letter, commits $1.3 billion of equity financing to Parent to",,,,,,,True,unknown,acquirer_pe_buyer_unresolved,,
DEAL-MDLA-TB-2021,2021-07-25,"Project Metal Parent, LLC",take_private,0001193125-21-225759,8-K,2021-07-27,2021-07-27T16:42:53,manifest_announcement_accession,defined_parent_term,"Project Metal Parent, LLC","Agreement. Merger Agreement. On July 25, 2021, Medallia, Inc. (“Medallia”) entered into an Agreement and Plan of Merger (the “Merger Agreement”) with Project Metal Parent, LLC (“Parent”) and Project Metal Merger Sub, Inc. (“Merger Sub”)",Parent or Merger Sub,on stock (other than shares (1) held by Medallia as treasury stock; (2) owned by Parent or Merger Sub; (3) owned by any direct or indirect wholly owned subsidiary of Parent or Merger Sub; or (4) held by stockholders who have n,,True,"tions in Medallia’s favor are satisfied on or prior to October 27, 2021; (2) Parent elects to delay the closing until November 1, 2021; and (3) this termination fee is paid after November 1, 2021. An investment fund affiliated with Thoma Bravo has provided Medallia with a limited guaranty in favor of Medallia (the “Limited Guaranty”). The Limited Guaranty guarantees, among other things, the paymen",,,,,,,True,unknown,acquirer_pe_buyer_unresolved,,
DEAL-MRO-COP-2024,2024-05-28,ConocoPhillips,strategic,0001104659-24-065817,425,2024-05-29,2024-05-29T07:17:33,manifest_announcement_accession,defined_parent_term+sec_header_filer,ConocoPhillips,"of the Surviving Corporation. - iii -. AGREEMENT AND PLAN OF MERGER. AGREEMENT AND PLAN OF MERGER, dated as of May 28, 2024 (this “Agreement”), among ConocoPhillips, a Delaware corporation (“Parent”), Puma Merger Sub Corp., a Delaware corporation an",,,FILED BY:CONOCOPHILLIPS:1163165,False,,CONOCOPHILLIPS,1163165,1163165,CONOCOPHILLIPS,2911,Petroleum Refining,True,resolved,,,
DEAL-MXIM-ADI-2020,2020-07-12,"Analog Devices, Inc.",strategic,0001193125-20-191444,425,2020-07-13,2020-07-13T06:24:06,manifest_announcement_accession,sec_header_filer,,,,,FILED BY:ANALOG DEVICES INC:6281,False,,ANALOG DEVICES INC,6281,6281,ANALOG DEVICES INC,3674,Semiconductors & Related Devices,True,resolved,,,
DEAL-NLSN-EVERGREEN-2022,2022-03-28,Neptune Intermediate Jersey Limited,take_private,0001193125-22-089952,8-K,2022-03-30,2022-03-30T16:51:59,manifest_announcement_accession,defined_parent_term,"Neptune Intermediate Jersey Limited, a private limited company formed under the laws of the Bailiwick of Jersey","laws of England and Wales (the “Company” or “Nielsen”), entered into a Transaction Agreement (the “Transaction Agreement”) by and among the Company, Neptune Intermediate Jersey Limited, a private limited company formed under the laws of the Bailiwick of Jersey (“Parent”), and Neptune BidCo US Inc., a corporation formed",,,,True,"cheme Shareholders (as defined in the Scheme) under Part 26 of the United Kingdom Companies Act 2006, as amended (the “Companies Act”). Parent and Purchaser are newly-formed entities established by a consortium of private investment funds led by funds affiliated with Elliott Investment Management L.P. and Brookfield Asset Management (the “Consortium”) for the purpose of acquiring the Company. The ",,,,,,,True,unknown,acquirer_pe_buyer_unresolved,,
DEAL-PFPT-TB-2021,2021-04-25,"Project Kafka Parent, LLC",take_private,0001193125-21-134422,8-K,2021-04-27,2021-04-27T16:58:56,manifest_announcement_accession,defined_parent_term,"Project Kafka Parent, LLC","il 25, 2021, Proofpoint, Inc. (“Proofpoint” or the “Company”), entered into an Agreement and Plan of Merger (the “Merger Agreement”) by and among the Company, Project Kafka Parent, LLC, a Delaware limited liability company (“Parent”), and Project Kafka Merger Sub, Inc., a Delaware c",,,,True,"pursuant to which Merger Sub will merge with and into the Company (the “Merger”), with the Company surviving the Merger as a wholly owned subsidiary of Parent. Parent and Merger Sub are affiliates of funds advised by Thoma Bravo, L.P. (“Thoma Bravo”). The Company’s Board of Directors (the “Board”) has unanimously approved the Merger Agreement and, subject to certain exceptions set forth in the Mer",,,,,,,True,unknown,acquirer_pe_buyer_unresolved,,
DEAL-PXD-XOM-2023,2023-10-10,Exxon Mobil Corporation,strategic,0000950103-23-014886,425,2023-10-11,2023-10-11T17:22:39,manifest_announcement_accession,sec_header_filer,,,,,FILED BY:EXXON MOBIL CORP:34088,False,,EXXON MOBIL CORP,34088,34088,EXXON MOBIL CORP,2911,Petroleum Refining,True,resolved,,,
DEAL-RAD-WBA-2015,2015-10-27,"Walgreens Boots Alliance, Inc.",strategic,0001104659-15-073813,8-K,2015-10-29,2015-10-29T06:09:17,manifest_announcement_accession,defined_parent_term,"Walgreens Boots Alliance, Inc","F MERGER, dated as of October 27, 2015 (this “Agreement”), is entered into by and among Rite Aid Corporation, a Delaware corporation (the “Company”), Walgreens Boots Alliance, Inc., a Delaware corporation (“Parent”), and Victoria Merger Sub, Inc., a Delaware corpor",,,,False,,,1618921,,,,,True,unknown,acquirer_no_unique_sec_registrant,,
DEAL-RCII-VINTAGE-2018,2018-06-17,"Vintage Rodeo Parent, LLC",take_private,0001193125-18-196337,8-K,2018-06-19,2018-06-19T08:03:00,manifest_announcement_accession,defined_parent_term,"Vintage Rodeo Parent, LLC","Rent-A-Center, Inc., a Delaware corporation (the “Company”), entered into an Agreement and Plan of Merger (the “Merger Agreement”), by and among the Company, Vintage Rodeo Parent, LLC, a Delaware limited liability company (“Parent”), and Vintage Rodeo Acquisition, Inc., a Delaware",,,,True,"the Company (the “Company Board”) adopted resolutions recommending that the Company’s stockholders approve the Merger and adopt the Merger Agreement. Parent and Merger Sub are affiliated with certain funds managed by affiliates of Vintage Capital Management, LLC, a Delaware limited liability company. Merger Consideration. Pursuant to the Merger Agreement, at the effective time of the Merger (the “",,,,,,,True,unknown,acquirer_pe_buyer_unresolved,,
DEAL-RESI-AMHERST-2020,2020-02-17,"BAF Holdings, LLC",take_private,0001193125-20-039673,8-K,2020-02-18,2020-02-18T08:29:06,manifest_announcement_accession,defined_parent_term,"BAF Holdings, LLC","Front Yard Residential Corporation, a Maryland corporation (the “Company”) entered into an Agreement and Plan of Merger (the “Merger Agreement”) with BAF Holdings, LLC, a Delaware limited liability company (“Parent”), and BAF Sub, LLC, a Maryland limited liability c",,,,True,"”) with BAF Holdings, LLC, a Delaware limited liability company (“Parent”), and BAF Sub, LLC, a Maryland limited liability company (“Merger Sub”), each affiliates of Amherst Single Family Residential Partners VI, LP (“Amherst Residential Fund VI”), providing for the acquisition of the Company by Parent. The Merger Agreement provides that, among other things, upon the terms and subject to the condi",,,,,,,True,unknown,acquirer_pe_buyer_unresolved,,
DEAL-RP-TB-2020,2020-12-20,"Mirasol Parent, LLC",take_private,0001193125-20-322436,8-K,2020-12-21,2020-12-21T08:21:54,manifest_announcement_accession,defined_parent_term,"Mirasol Parent, LLC","erger. On December 20, 2020, RealPage, Inc. (“RealPage” or the “Company”), entered into an Agreement and Plan of Merger (the “Merger Agreement”) with Mirasol Parent, LLC, a Delaware limited liability company (“Parent”), and Mirasol Merger Sub, Inc., a Delaware corpora",,,,True,"pursuant to which Merger Sub will merge with and into the Company (the “Merger”), with the Company surviving the Merger as a wholly owned subsidiary of Parent. Parent and Merger Sub are affiliates of funds advised by Thoma Bravo, L.P. (“Thoma Bravo”). The Company’s Board of Directors (the “Board”) has unanimously approved the Merger Agreement and, subject to certain exceptions set forth in the Mer",,,,,,,True,unknown,acquirer_pe_buyer_unresolved,,
DEAL-SAIL-TB-2022,2022-04-10,"Project Hotel California Holdings, LP",take_private,0001193125-22-100936,8-K,2022-04-11,2022-04-11T07:04:03,manifest_announcement_accession,defined_parent_term,"Project Hotel California Holdings, LP","int Technologies Holdings, Inc. (“SailPoint” or the “Company”) entered into an Agreement and Plan of Merger (the “Merger Agreement”) by and among the Company, Project Hotel California Holdings, LP, a Delaware limited partnership (“Parent”), and Project Hotel California Merger Sub, Inc., a",,,,True,"ed subsidiary of Parent (“Merger Sub”), pursuant to which Merger Sub will merge with and into the Company (the “Merger”), with the Company surviving the Merger as a wholly owned subsidiary of Parent. Parent and Merger Sub are affiliates of Thoma Bravo Fund XV, L.P. (the “Thoma Bravo Fund”), managed by Thoma Bravo, L.P. (“Thoma Bravo”). The Company’s Board of Directors (the “Board”), acting upon th",,,,,,,True,unknown,acquirer_pe_buyer_unresolved,,
DEAL-SAVE-ULCC-2022,2022-02-05,"Frontier Group Holdings, Inc.",strategic,0001193125-22-029011,8-K,2022-02-07,2022-02-07T06:43:02,manifest_announcement_accession,defined_parent_term,"Frontier Group Holdings, Inc","-iii-. AGREEMENT AND PLAN OF MERGER. THIS AGREEMENT AND PLAN OF MERGER, dated as of February 5, 2022 (this “Agreement”), is entered into by and among Frontier Group Holdings, Inc., a Delaware corporation (“Parent”), Top Gun Acquisition Corp., a Delaware corporatio",,,,False,,,1670076,,,,,True,unknown,acquirer_no_unique_sec_registrant,,
DEAL-SGEN-PFE-2023,2023-03-12,Pfizer Inc.,strategic,0001193125-23-068474,8-K,2023-03-13,2023-03-13T07:27:57,manifest_announcement_accession,defined_parent_term,Pfizer Inc,"Annex II Certificate of Incorporation. ii. AGREEMENT AND PLAN OF MERGER. PREAMBLE. THIS AGREEMENT AND PLAN OF MERGER (this “Agreement”), dated as of March 12, 2023, is by and among Pfizer Inc., a Delaware corporation (“Parent”), Aris Merger Sub, Inc., a Delaware corporation an",,,,False,,Pfizer Inc,78003,78003,PFIZER INC,2834,Pharmaceutical Preparations,True,resolved,,,
DEAL-SPLK-CSCO-2023,2023-09-20,"Cisco Systems, Inc.",strategic,0001104659-23-102594,8-K,2023-09-21,2023-09-21T07:56:31,manifest_announcement_accession,defined_parent_term,"Cisco Systems, Inc","f Merger. This AGREEMENT AND PLAN OF MERGER (this “Agreement”) is made and entered into as of September 20, 2023 (the “Agreement Date”), by and among Cisco Systems, Inc., a Delaware corporation (“Parent”), Spirit Merger Corp., a Delaware corporation and",,,,True,"g and Support Agreement. On September 20, 2023, in connection with the Merger Agreement, the Company also entered into a Voting and Support Agreement (the “Voting and Support Agreement”) with certain funds affiliated with Hellman & Friedman Advisors LLC (collectively,“H&F”) and Parent, pursuant to which H&F has agreed, among other things, to vote its shares of Common Stock in favor of adoption of ","Cisco Systems, Inc",858877,858877,"CISCO SYSTEMS, INC.",3576,Computer Communications Equipment,True,resolved,,,
DEAL-STOR-GIC-2022,2022-09-15,"Ivory Parent, LLC",take_private,0001193125-22-245210,8-K,2022-09-15,2022-09-15T08:11:55,manifest_announcement_accession,defined_parent_term,"Ivory Parent, LLC","t. ☐. Item 1.01 Entry into a Material Definitive Agreement. On September 15, 2022, STORE Capital Corporation, a Maryland corporation (the “Company”), Ivory Parent, LLC, a Delaware limited liability company (“Parent”), Ivory REIT, LLC, a Delaware limited liability co",,,,True,"nd/or Merger Sub, prior to or substantially concurrently with the Closing, with aggregate equity contributions in an amount equal to $8.2 billion, subject to the terms and conditions set forth in the equity commitment letters, each dated as of September 15, 2022, (together, the “Equity Commitment Letters”). In addition, subject to the terms and conditions set forth in the Equity Commitment Letters",,,,,,,True,unknown,acquirer_pe_buyer_unresolved,,
DEAL-SWCH-DIGITALBRIDGE-2022,2022-05-11,Sunshine Bidco Inc.,take_private,0001193125-22-147632,8-K,2022-05-11,2022-05-11T17:16:02,manifest_announcement_accession,defined_parent_term,Sunshine Bidco Inc,"er Agreement. On May 11, 2022, Switch, Inc., a Nevada corporation (the “Company”), Switch, Ltd., a Nevada limited liability company (“Company Ltd.”), Sunshine Bidco Inc., a Delaware corporation (“Parent”), Sunshine Merger Sub, Ltd., a Nevada limited liab",,,,True,"or 721 of the Code; and. WHEREAS, concurrently with the execution of this Agreement, and as a condition and inducement to the Company’s willingness to enter into this Agreement, each of DigitalBridge Partners II, LP and Conyers Trust Company (Cayman) Limited (as trustee for IFM Global Infrastructure Fund) (each, a “Guarantor”) has duly executed and delivered to the Company a guarantee, dated as of",,,,,,,True,unknown,acquirer_pe_buyer_unresolved,,
DEAL-WORK-CRM-2020,2020-12-01,"salesforce.com, inc.",strategic,0001193125-20-307363,425,2020-12-01,2020-12-01T17:18:56,manifest_announcement_accession,defined_parent_term+sec_header_filer,Delaware corporation,"SUPPORT AGREEMENT. This VOTING AND SUPPORT AGREEMENT is entered into as of December 1, 2020 (this “Agreement”), by and among salesforce.com, inc., a Delaware corporation (“Parent”), and each of the persons set forth on Schedule A",,,"FILED BY:SALESFORCE.COM, INC.:1108524",True,"uments, of and each of the Company’s “significant subsidiaries” within the meaning of Rule 1-02 of Regulation S-X of the SEC, each as currently in effect (including, for the avoidance of doubt, Slack Fund L.L.C.). (b) All the issued and outstanding shares of capital stock of, or other equity interests in, each Company Subsidiary have been validly issued and are fully paid and nonassessable and are","SALESFORCE.COM, INC.",1108524,1108524,"Salesforce, Inc.",7372,Services-Prepackaged Software,True,resolved,,,
DEAL-XLNX-AMD-2020,2020-10-26,"Advanced Micro Devices, Inc.",strategic,0001104659-20-118358,8-K,2020-10-27,2020-10-27T06:33:15,manifest_announcement_accession,defined_parent_term,"Advanced Micro Devices, Inc","ii. AGREEMENT AND PLAN OF MERGER. THIS AGREEMENT AND PLAN OF MERGER (this “Agreement”) is made and entered into as of October 26, 2020, by and among: Advanced Micro Devices, Inc., a Delaware corporation (“Parent”); Thrones Merger Sub, Inc., a Delaware corporation",,,,False,,"Advanced Micro Devices, Inc",2488,2488,ADVANCED MICRO DEVICES INC,3674,Semiconductors & Related Devices,True,resolved,,,
DEAL-XLRN-MRK-2021,2021-09-29,Merck Sharp & Dohme Corp.,strategic,0001104659-21-120991,8-K,2021-09-30,2021-09-30T07:13:02,manifest_announcement_accession,defined_parent_term,Merck Sharp & Dohme Corp,"eleron Pharma Inc., a Delaware corporation (“Acceleron” or the “Company”), entered into an Agreement and Plan of Merger (the “Merger Agreement”) with Merck Sharp & Dohme Corp., a New Jersey corporation (“Parent”), and Parent’s wholly owned subsidiary, Astros Mer",Parent or Purchaser immediately prior to the Effective Time or,"mpany or any direct or indirect wholly owned subsidiary of the Company and each Share owned by Parent, Purchaser or any direct or indirect wholly owned subsidiary of Parent or Purchaser immediately prior to the Effective Time or (ii) Shares outstanding immediately pri",,False,,,64978;942443,,,,,True,unknown,acquirer_no_unique_sec_registrant,,
DEAL-ZEN-ZORO-2022,2022-06-24,"Zoro BidCo, Inc.",take_private,0001193125-22-181655,8-K,2022-06-24,2022-06-24T17:19:04,manifest_announcement_accession,defined_parent_term,"Zoro BidCo, Inc","an of Merger. On June 24, 2022, Zendesk, Inc. (the “Company” or “Zendesk”) entered into an Agreement and Plan of Merger (the “Merger Agreement”) with Zoro BidCo, Inc., a Delaware corporation (“Parent”), and Zoro Merger Sub, Inc., a Delaware corporatio",,,,True,"idCo, Inc., a Delaware corporation (“Parent”), and Zoro Merger Sub, Inc., a Delaware corporation and a direct wholly owned subsidiary of Parent (“Merger Sub”). Parent and Merger Sub are affiliates of funds advised by Hellman & Friedman LLC (“H&F”) and Permira Advisers LLC (“Permira”). Platinum Falcon B 2018 RSC Limited (“PF”) and an affiliate of GIC Private Limited will also be a direct or indirec",,,,,,,True,unknown,acquirer_pe_buyer_unresolved,,
DEAL-VOCUS-GTCR-2014,2014-04-07,"GTCR Beltsville Holdings, LLC",strategic,0001193125-14-132656,8-K,2014-04-07,2014-04-07T08:10:34,manifest_announcement_accession,defined_parent_term,"GTCR Valor Companies, Inc","nt. On April 6, 2014, Vocus, Inc., a Delaware corporation (the “Company”), entered into an Agreement and Plan of Merger (the “Merger Agreement”) with GTCR Valor Companies, Inc., a Delaware corporation (“Parent”), and GTCR Valor Merger Sub, Inc., a Delaware corp",,,,True,"enders not having confirmed the availability of the debt financing and (iv) certain conditions relating to Purchaser’s purchase of the outstanding Series A Convertible Preferred Stock from JMI Equity Fund VI, L.P. (“JMI”) immediately following Purchaser’s acceptance of Shares tendered in the Offer. The Company has made customary representations, warranties and covenants in the Merger Agreement, in",,,,,,,True,unknown,acquirer_pe_buyer_unresolved,,
DEAL-COBRA-MONOMO-2014,2014-08-28,Monomoy Capital Partners,strategic,0001193125-14-325313,8-K,2014-08-28,2014-08-28T15:56:35,manifest_announcement_accession,defined_parent_term,"Venom Electronics Holdings, Inc","Electronics Corporation, a Delaware corporation (the “Company”), entered into an Agreement and Plan of Merger (the “Merger Agreement”), by and among Venom Electronics Holdings, Inc., a Delaware corporation (“Parent”), Venom Electronics Merger Sub, Inc., a Delaware c",,,,True,"any Material Adverse Effect and (vi) other conditions set forth in Schedule I to the Merger Agreement. The consummation of the Tender Offer is not subject to any financing conditions. Monomoy Capital Partners II, L.P. and MCP Supplemental Fund II, L.P. (the “Sponsor”) delivered (i) a financing commitment agreement among the Sponsor and Parent that names the Company as a third-party beneficiary and",,,,,,,False,unknown,acquirer_pe_buyer_unresolved,,
DEAL-ANNIE-GENERA-2014,2014-09-08,General Mills,strategic,0001193125-14-335723,8-K,2014-09-08,2014-09-08T17:30:35,manifest_announcement_accession,defined_parent_term,"General Mills, Inc","FR 240.13e-4(c)). Item 1.01. Entry Into a Material Definitive Agreement. On September 8, 2014, Annie’s, Inc., a Delaware corporation (the “Company”), General Mills, Inc., a Delaware corporation (“Parent”), and Sandy Acquisition Corporation, a Delaware co",,,,False,,"General Mills, Inc",40704,40704,GENERAL MILLS INC,2040,Grain Mill Products,True,resolved,,,
DEAL-SABA-VECTOR-2015,2015-02-11,Vector Capital,strategic,0001193125-15-043836,8-K,2015-02-11,2015-02-11T14:30:06,manifest_announcement_accession,defined_parent_term,"Vector Talent II LLC, a newly formed Delaware limited liability company","ary 10, 2015, Saba Software, Inc., a Delaware corporation (the “Company”), entered into an Agreement and Plan of Merger (the “Merger Agreement”) with Vector Talent II LLC, a newly formed Delaware limited liability company (“Parent”), and Vector Talent Merger Sub, Inc., a newly form",,,,True,"of Parent (“Merger Subsidiary”), providing for the merger (the “Merger”) of Merger Subsidiary with and into the Company, with the Company surviving the Merger as a wholly-owned subsidiary of Parent. Parent and Merger Subsidiary are affiliates of Vector Capital (“Vector”). Pursuant to the terms of the Merger Agreement, shares of common stock of the Company will be converted into the right to receiv",,,,,,,True,unknown,acquirer_pe_buyer_unresolved,,
DEAL-SUTRON-HACH-2015,2015-06-22,Hach Company,strategic,0001185185-15-001668,8-K,2015-06-22,2015-06-22T17:16:24,manifest_announcement_accession,defined_parent_term,Danaher Corporation,"1 – List of Company Officers. EXHIBIT A.2 – Knowledge of Parent and Merger Sub. iv. THIS AGREEMENT AND PLAN OF MERGER (this “Agreement”), dated as of June 21, 2015, is entered into by and among Danaher Corporation, a Delaware corporation (“Parent”), Satellite Acquisition Corp., a Virginia corporat",,,,False,,Danaher Corporation,313616;755230,313616,DANAHER CORP /DE/,3823,"Industrial Instruments For Measurement, Display, and Control",False,resolved,,,
DEAL-SCIQUE-ACCEL-2016,2016-05-31,Accel-KKR,take_private,0001193125-16-607416,8-K,2016-05-31,2016-05-31T09:25:35,manifest_announcement_accession,defined_parent_term,"AKKR Green Parent, LLC","(17 CFR 240.13e-4(c)). Item 1.01 Entry into a Material Definitive Agreement. On May 30, 2016, SciQuest, Inc., a Delaware corporation (the “Company”), AKKR Green Parent, LLC, a Delaware limited liability company (“Parent”), and AKKR Green Merger Sub, Inc., a Delaware corp",,,,True,"ger Agreement contains certain other customary termination rights for the Company and the Parent. Parent has secured committed equity financing, consisting of cash to be provided by Accel-KKR Capital Partners IV, LP, Accel-KKR Capital Partners IV Strategic Fund, LP, Accel-KKR Capital Partners V, LP, and Accel-KKR Capital Partners V Strategic Fund, LP (the “AKKR Funds”), which are affiliates of Par",,,,,,,False,unknown,acquirer_pe_buyer_unresolved,,
DEAL-IMPRIV-THOMA-2016,2016-07-13,Thoma Bravo,take_private,0001193125-16-646873,8-K,2016-07-13,2016-07-13T08:08:33,manifest_announcement_accession,defined_parent_term,"Project Brady Holdings, LLC","ement. Merger Agreement. On July 13, 2016, Imprivata, Inc. (the “Company”) entered into an Agreement and Plan of Merger (the “Merger Agreement”) with Project Brady Holdings, LLC (“Parent”) and Project Brady Merger Sub, Inc., a wholly-owne",,,,True,"r the merger of Merger Sub with and into the Company (the “Merger”), with the Company surviving the Merger as a wholly-owned subsidiary of Parent. Parent and Merger Sub were formed by an affiliate of private equity investment firm Thoma Bravo, LLC (“Thoma Bravo”). At the effective time of the Merger (the “Effective Time”), each share of common stock, par value $0.001 per share, of the Company (the",,,,,,,False,unknown,acquirer_pe_buyer_unresolved,,
DEAL-MATERI-NEW-2014,2014-01-09,New Star Metals,strategic,0001193125-14-006030,8-K,2014-01-09,2014-01-09T08:01:37,manifest_announcement_accession,defined_parent_term,Zink Acquisition Holdings Inc,"terial Definitive Agreement. Agreement and Plan of Merger. On January 8, 2014, Material Sciences Corporation (“MSC” or the “Company”) entered into an Agreement and Plan of Merger with Zink Acquisition Holdings Inc. (“Parent”) and Zink Acquisition Merger Sub Inc. (“Merger Sub",,,,True,"d to provide debt financing for the Merger,. 2. subject to the terms and conditions set forth in debt commitment letters delivered to Parent and its affiliates. In addition, New Star has delivered an equity commitment letter, pursuant to which, upon the terms and subject to the conditions set forth therein, it has committed to, and/or to cause one or more of its affiliates to, make an equity inves",,1597562,,,,,False,unknown,acquirer_pe_buyer_unresolved,,
DEAL-AMERIC-HIGLAS-2014,2014-01-10,H.I.G. LAS VEGAS,strategic,0001193125-14-007344,8-K,2014-01-10,2014-01-10T09:04:36,manifest_announcement_accession,defined_parent_term,Flamingo Parent Corp,"greement. On January 9, 2014, American Pacific Corporation (the “Company”) entered into an Agreement and Plan of Merger (the “Merger Agreement”) with Flamingo Parent Corp,, a Delaware corporation (“Parent”), and Flamingo Merger Sub Corp., a Delaware corpor",,,,True,"ement and Plan of Merger (the “Merger Agreement”) with Flamingo Parent Corp,, a Delaware corporation (“Parent”), and Flamingo Merger Sub Corp., a Delaware corporation and a wholly owned subsidiary of Parent (“Merger Sub”), both of which are affiliates of and controlled by H.I.G. Capital, LLC, a Delaware limited liability company (“H.I.G.”). The Board of Directors of the Company has unanimously app",,,,,,,False,unknown,acquirer_pe_buyer_unresolved,,
DEAL-BEAM-SUNTOR-2014,2014-01-13,Suntory,strategic,0001193125-14-008765,8-K,2014-01-13,2014-01-13T07:13:10,manifest_announcement_accession,defined_parent_term,Suntory Holdings Limited,"icate of Incorporation of the Surviving Corporation. iii. AGREEMENT AND PLAN OF MERGER, dated as of January 12, 2014 (this “Agreement”), by and among Suntory Holdings Limited, a Japanese corporation (“Parent”), SUS Merger Sub Limited, a Delaware corporation a",,,,False,,,,,,,,True,unknown,acquirer_no_unique_sec_registrant,,
DEAL-CEC-APOLLO-2014,2014-01-16,Apollo Global Management,strategic,0001193125-14-013338,8-K,2014-01-16,2014-01-16T17:21:54,manifest_announcement_accession,defined_parent_term,Queso Holdings Inc,"01. Entry into a Material Definitive Agreement. Merger Agreement. On January 15, 2014, CEC Entertainment, Inc., a Kansas corporation (the “Company”), Queso Holdings Inc. (“Parent”), a Delaware corporation, and Q Merger Sub Inc. (“",,,,False,,,1600192,,,,,False,unknown,acquirer_no_unique_sec_registrant,,
DEAL-AMCOL-IMERYS-2014,2014-02-12,IMERYS SA,strategic,0001193125-14-047575,8-K,2014-02-12,2014-02-12T13:08:00,manifest_announcement_accession,defined_parent_term,Imerys SA,"iii. AGREEMENT AND PLAN OF MERGER. This AGREEMENT AND PLAN OF MERGER, dated as of February 11, 2014 (this “Agreement”), is entered into by and among Imerys SA, a corporation organized under the Laws of France (“Parent”), Imerys Minerals Delaware, Inc., a Delaware corpo",,,,False,,,1599710,,,,,True,unknown,acquirer_no_unique_sec_registrant,,
DEAL-COLE-AMERIC-2014,2014-03-21,American Realty Capital Properties,strategic,0001193125-14-108739,8-K,2014-03-21,2014-03-20T21:52:07,manifest_announcement_accession,defined_parent_term,"American Realty Capital Properties, Inc","F JURY TRIAL 73. AGREEMENT AND PLAN OF MERGER. THIS AGREEMENT AND PLAN OF MERGER, dated as of March 17, 2014 (this “Agreement”), is made by and among American Realty Capital Properties, Inc., a Maryland corporation (“Parent”), Desert Acquisition, Inc., a Delaware corporation",,,,False,,"American Realty Capital Properties, Inc",1507385,1507385,"VEREIT, Inc.",6798,Real Estate Investment Trusts,True,resolved,,,
DEAL-DFC-LONE-2014,2014-04-02,Lone Star Funds,strategic,0001193125-14-127092,8-K,2014-04-02,2014-04-02T08:17:40,manifest_announcement_accession,defined_parent_term,"LSF8 Sterling Parent, LLC","change Act (17 CFR 240.14d-2(b)). ¨ Pre-commencement communications pursuant to Rule 13e-4(c) under the Exchange Act (17 CFR 240.13e-4(c)). Item 1.01 Entry into a Material Definitive Agreement. Merger Agreement. On April 1, 2014, LSF8 Sterling Parent, LLC (“Parent”), LSF8 Sterling Merger Company, LLC, a wholly-owne",,,,True,"terms and subject to the conditions therein, Merger Sub will merge with and into the Company (the “Merger”), with the Company being the surviving corporation and a wholly-owned subsidiary of Parent. Parent and Merger Sub are affiliates of Lone Star Funds (“Lone Star”). Under the terms of the Merger Agreement, at the effective time of the Merger (the “Effective Time”), each issued and outstanding s",,,,,,,False,unknown,acquirer_pe_buyer_unresolved,,
DEAL-ZYGO-AMETEK-2014,2014-04-15,AMETEK,strategic,0000930413-14-001779,8-K,2014-04-15,2014-04-14T18:12:35,manifest_announcement_accession,defined_parent_term,"AMETEK, INC","- iii -. AGREEMENT AND PLAN OF MERGER. This AGREEMENT AND PLAN OF MERGER, dated as of April 10, 2014 (this “Agreement”), is entered into by and among AMETEK, INC., a Delaware corporation (“Parent”), AMETEK MATTERHORN, INC., a Delaware corporation",,,,False,,"AMETEK, INC",6082;1037868,1037868,AMETEK INC/,3823,"Industrial Instruments For Measurement, Display, and Control",True,resolved,,,
DEAL-POKERT-MULTIM-2014,2014-04-30,MULTIMEDIA GAMES,strategic,0001445866-14-000396,8-K,2014-04-30,2014-04-30T09:31:19,manifest_announcement_accession,defined_parent_term,"Multimedia Games, Inc","PokerTek, Inc., a North Carolina corporation (the “Company”), entered into an Agreement and Plan of Merger (the “Merger Agreement”), by and among the Company, Multimedia Games, Inc., a Delaware corporation (“Parent”), and 23 Acquisition Co., a North Carolina corpora",,,,False,,"Multimedia Games, Inc",896400,896400,EVERI GAMES HOLDING INC.,7900,Services-Amusement & Recreation Services,True,resolved,,,
DEAL-BARRY-MRGB-2014,2014-05-02,MRGB HOLD CO,strategic,0001193125-14-178569,8-K,2014-05-02,2014-05-02T08:06:44,manifest_announcement_accession,defined_parent_term,MRGB Hold Co,"nitive Agreement. On May 1, 2014, R. G. Barry Corporation (the “Company”) entered into an Agreement and Plan of Merger (the “Merger Agreement”), with MRGB Hold Co. (“Parent”) and MRVK Hold Co., a wholly-owned direct subsidia",Mill Road Capital II,"ent”) and MRVK Hold Co., a wholly-owned direct subsidiary of Parent (“Merger Sub”). Parent and Merger Sub are currently wholly-owned subsidiaries of Mill Road Capital II, L.P. (“Mill Road”). The Merger Agreeme",,True,"tion (the “Company”) entered into an Agreement and Plan of Merger (the “Merger Agreement”), with MRGB Hold Co. (“Parent”) and MRVK Hold Co., a wholly-owned direct subsidiary of Parent (“Merger Sub”). Parent and Merger Sub are currently wholly-owned subsidiaries of Mill Road Capital II, L.P. (“Mill Road”). The Merger Agreement was unanimously approved by the Company’s board of directors. Aside from",,1616035,,,,,True,unknown,acquirer_pe_buyer_unresolved,,
DEAL-MKTG-AEGIS-2014,2014-05-27,Aegis Lifestyle,strategic,0001019056-14-000764,8-K,2014-05-27,2014-05-27T16:07:35,manifest_announcement_accession,defined_parent_term,"Aegis Lifestyle, Inc","e Time. iii. AGREEMENT AND PLAN OF MERGER. This Agreement and Plan of Merger (“Agreement”) is made and entered into as of May 27, 2014, by and among: Aegis Lifestyle, Inc ., a Delaware corporation (“Parent”); Morgan Acquisition, Inc ., a Delaware corporatio",,,,False,,,,,,,,True,unknown,acquirer_no_unique_sec_registrant,,
DEAL-HILLSH-TYSON-2014,2014-07-02,TYSON FOODS,strategic,0001193125-14-259322,8-K,2014-07-02,2014-07-02T17:10:01,manifest_announcement_accession,defined_parent_term,"Tyson Foods, Inc",". AGREEMENT AND PLAN OF MERGER. This AGREEMENT AND PLAN OF MERGER, dated as of July 1, 2014 (this “Agreement”), is made and entered into by and among Tyson Foods, Inc., a Delaware corporation (“Parent”), The Hillshire Brands Company, a Maryland corpora",,,,True,"c)(i)(A) of the Pinnacle Merger Agreement. As a result of the termination of the Pinnacle Merger Agreement, the (i) Voting Agreement, dated May 12, 2014, by and among Hillshire and Blackstone Capital Partners V L.P., Blackstone Capital Partners V-AC L.P., Blackstone Family Investment Partnership V-SMD L.P., Blackstone Family Investment Partnership V-SMD L.P., Blackstone Participation Partnership V","Tyson Foods, Inc",100493,100493,"TYSON FOODS, INC.",2015,Poultry Slaughtering and Processing,True,resolved,,,
DEAL-VITACO-KROGER-2014,2014-07-02,Kroger,strategic,0001437749-14-012337,8-K,2014-07-02,2014-07-02T16:29:57,manifest_announcement_accession,defined_parent_term,The Kroger Co,"ntry into a Material Definitive Agreement. Agreement and Plan of Merger. On July 1, 2014, Vitacost.com, Inc., a Delaware corporation (the “Company”), The Kroger Co., an Ohio corporation (“Parent”), and Vigor Acquisition Corp., a Delaware corporat",,,,False,,The Kroger Co,56873,56873,KROGER CO,5411,Retail-Grocery Stores,True,resolved,,,
DEAL-LORILL-IMPERI-2014,2014-07-15,Imperial,strategic,0001193125-14-269311,8-K,2014-07-15,2014-07-15T17:15:35,manifest_announcement_accession,defined_parent_term,REYNOLDS AMERICAN INC,"MENT AND PLAN OF MERGER (this “Agreement”), dated as of July 15, 2014, is entered into among LORILLARD, INC., a Delaware corporation (the “Company”), REYNOLDS AMERICAN INC., a North Carolina corporation (“Parent”), and LANTERN ACQUISITION CO., a Delaware corporat",Imperial,"ated Agreements, the “Transaction Agreements”) in each case with LIGNUM-2 L.L.C., a Texas limited liability company and wholly owned subsidiary of Imperial (“Lignum-2”), and, for certain provisio",,False,,REYNOLDS AMERICAN INC,1275283,1275283,REYNOLDS AMERICAN INC,2111,Cigarettes,True,resolved,,,
DEAL-REYNOL-IMPERI-2014,2014-07-16,Imperial,strategic,0001193125-14-269467,8-K,2014-07-16,2014-07-15T20:05:05,manifest_announcement_accession,defined_parent_term,REYNOLDS AMERICAN INC,"MENT AND PLAN OF MERGER (this “Agreement”), dated as of July 15, 2014, is entered into among LORILLARD, INC., a Delaware corporation (the “Company”), REYNOLDS AMERICAN INC., a North Carolina corporation (“Parent”), and LANTERN ACQUISITION CO., a Delaware corporat",Imperial,"ated Agreements, the “Transaction Agreements”) in each case with LIGNUM-2 L.L.C., a Texas limited liability company and wholly owned subsidiary of Imperial (“Lignum-2”), and, for certain provisio",,False,,,1275283,,,,,True,unknown,acquirer_no_unique_sec_registrant,,
DEAL-SYMMET-TECOST-2014,2014-08-04,TECOSTAR HOLDINGS,strategic,0001144204-14-046808,8-K,2014-08-04,2014-08-04T16:56:47,manifest_announcement_accession,defined_parent_term,"TecoStar Holdings, Inc","“Company”) announced that it has entered into an Agreement and Plan of Merger, dated as of August 4, 2014 (the “Merger Agreement”), by and among the Company, TecoStar Holdings, Inc., a Delaware corporation, Tecomet, Inc., a Massachusetts corporation (“Parent”), and TecoSym, Inc., a Delaware corporation and a",,,,True,"forth in Section 5.11. “Debt Financing” has the meaning set forth in Section 5.11. “DGCL” means the Delaware General Corporation Law. “Dissenting Shares” has the meaning set forth in Section 3.3(a). “Equity Commitment Letter” has the meaning set forth in Section 5.11. “Equity Financing” has the meaning set forth in Section 5.11. “ERISA” means the Employee Retirement Income Security Act of 1974, as",,1596165,,,,,True,unknown,acquirer_pe_buyer_unresolved,,
DEAL-INTERM-ROCHE-2014,2014-08-25,Roche,strategic,0000950157-14-000846,8-K,2014-08-25,2014-08-25T06:15:28,manifest_announcement_accession,defined_parent_term,"Roche Holdings, Inc","August 22, 2014, InterMune, Inc., a Delaware corporation (the “Company”), entered into an Agreement and Plan of Merger (the “Merger Agreement”) with Roche Holdings, Inc., a Delaware corporation (“Parent”), and Klee Acquisition Corporation, a Delaware cor",,,,False,,,904566,,,,,True,unknown,acquirer_no_unique_sec_registrant,,
DEAL-BOLT-TELEDY-2014,2014-09-03,Teledyne,strategic,0001144204-14-054075,8-K,2014-09-03,2014-09-03T17:22:11,manifest_announcement_accession,defined_parent_term,TELEDYNE TECHNOLOGIES INCORPORATED,"tion 63. Section 8.11 Enforcement; Venue 64. - iii -. AGREEMENT AND PLAN OF MERGER. This AGREEMENT AND PLAN OF MERGER (this “Agreement”), dated as of September 3, 2014, is by and among TELEDYNE TECHNOLOGIES INCORPORATED, a Delaware corporation (“Parent”), LIGHTNING MERGER SUB, INC ., a Connecticut corpo",,,,False,,TELEDYNE TECHNOLOGIES INCORPORATED,1094285,1094285,TELEDYNE TECHNOLOGIES INC,3812,"Search, Detection, Navigation, Guidance, Aeronautical Sys",True,resolved,,,
DEAL-TRW-ZFFRIE-2014,2014-09-15,ZF Friedrichshafen,strategic,0001104659-14-066397,8-K,2014-09-15,2014-09-15T17:30:55,manifest_announcement_accession,defined_parent_term,ZF Friedrichshafen AG,"14, TRW Automotive Holdings Corp., a Delaware corporation (the “Company”), entered into an Agreement and Plan of Merger (the “Merger Agreement”) with ZF Friedrichshafen AG, a stock corporation organized and existing under the laws of the Federal Republic of Germany (“Parent”), and MSNA, Inc., a Delaware corporation (“Merger",Parent held directly by ZF North America,"der the laws of the Federal Republic of Germany (“Parent”), and MSNA, Inc., a Delaware corporation (“Merger Sub”) and a wholly owned subsidiary of Parent held directly by ZF North America, Inc. (“ZNA”) (the Company together wit",,False,,,1619553,,,,,True,unknown,acquirer_no_unique_sec_registrant,,
DEAL-TAMINC-EASTMA-2014,2014-09-16,Eastman Chemical Company,strategic,0001193125-14-343139,8-K,2014-09-16,2014-09-16T16:51:06,manifest_announcement_accession,defined_parent_term,Eastman Chemical Company,"sonal Liability 58. Section 8.19. Definitions 59. -iii-. AGREEMENT AND PLAN OF MERGER, dated as of September 11, 2014 (the “Agreement”), by and among Eastman Chemical Company, a Delaware corporation (“Parent”), Stella Merger Corp., a Delaware corporation and",,,,True,"formation may or may not be fully reflected in the Company’s public disclosures. -2-. Support Agreement. Eastman has entered into a Support Agreement (the “Support Agreement”) with certain affiliated investment funds of Apollo Management, L.P. (collectively, “Apollo”), who own a majority of Taminco’s common stock, pursuant to which Apollo has agreed, on the terms and subject to the conditions set ",Eastman Chemical Company,915389,915389,EASTMAN CHEMICAL CO,2821,"Plastic Materials, Synth Resins & Nonvulcan Elastomers",True,resolved,,,
DEAL-SIGMA-MERCK-2014,2014-09-22,Merck KGaA,strategic,0001193125-14-347713,8-K,2014-09-22,2014-09-22T07:40:31,manifest_announcement_accession,defined_parent_term,Merck KGaA,"igma-Aldrich Corporation, a Delaware corporation (the “Company”), entered into an Agreement and Plan of Merger (the “Merger Agreement”), by and among Merck KGaA, a German corporation with general partners (“Parent”), Mario II Finance Corp., a Delaware corporation a",,,,False,,,1764133,,,,,True,unknown,acquirer_no_unique_sec_registrant,,
DEAL-TIBCO-VISTA-2014,2014-09-29,VISTA EQUITY PARTNERS,take_private,0001193125-14-355829,8-K,2014-09-29,2014-09-29T07:51:02,manifest_announcement_accession,defined_parent_term,"Balboa Intermediate Holdings, LLC","tive Agreement. On September 27, 2014, TIBCO Software Inc. (the “Company”) entered into an Agreement and Plan of Merger (the “Merger Agreement”) with Balboa Intermediate Holdings, LLC (“Parent”) and Balboa Merger Sub, Inc., a wholly owned subsi",,,,True,"ned subsidiary of Parent (“Merger Sub”), providing for the merger of Merger Sub with and into the Company (the “Merger”), with the Company surviving the Merger as a wholly owned subsidiary of Parent. Parent and Merger Sub were formed by affiliates of Vista Equity Partners V, L.P. (the “Sponsor”). Capitalized terms used herein but not otherwise defined have the meaning set forth in the Merger Agree",,,,,,,False,unknown,acquirer_pe_buyer_unresolved,,
DEAL-EINSTE-JAB-2014,2014-09-29,JAB Holding Company,strategic,0001193125-14-355998,8-K,2014-09-29,2014-09-29T09:19:59,manifest_announcement_accession,defined_parent_term,JAB Beech Inc,"n September 29, 2014, Einstein Noah Restaurant Group, Inc. (the “Company”) entered into an Agreement and Plan of Merger (the “Merger Agreement”) with JAB Beech Inc. (“Parent”) and Spruce Merger Sub Inc., an indirect wholly ow",,,,False,,,1564816,,,,,True,unknown,acquirer_no_unique_sec_registrant,,
DEAL-CLECO-COMO-2014,2014-10-20,COMO 1 L.P,strategic,0001089819-14-000034,8-K,2014-10-20,2014-10-20T16:31:21,manifest_announcement_accession,defined_parent_term,Como 1 L.P,"ober 17, 2014, Cleco Corporation, a Louisiana corporation (the “Company”), entered into an Agreement and Plan of Merger (the “Merger Agreement”) with Como 1 L.P., a Delaware limited partnership (“Parent”), and Como 3 Inc., a Louisiana corporation and an",Parent or the Company,", and collectively, the “Shares”) (other than Shares that are (i) owned by the Company, Parent, Merger Sub or any other direct or indirect wholly-owned subsidiary of Parent or the Company and (ii) Shares that are owned by share",,False,,,,,,,,True,unknown,acquirer_no_unique_sec_registrant,,
DEAL-DIGITA-INVEST-2014,2014-10-24,Siris Capital Group,strategic,0001104659-14-073492,8-K,2014-10-24,2014-10-24T06:03:02,manifest_announcement_accession,defined_parent_term,"Danube Private Holdings II, LLC","er, Inc., a Delaware corporation (the “Company”), entered into an Agreement and Plan of Merger, dated October 23, 2014 (the “Merger Agreement”), with Danube Private Holdings II, LLC, a Delaware limited liability company (“Parent”), and Danube Private Acquisition Corp., a Delaware",,,,True,"ent (“Acquisition Sub”), pursuant to which, among other things, Acquisition Sub will merge with and into the Company, with the Company surviving as a wholly owned subsidiary of Parent (the “Merger”). Parent and Merger Sub are affiliates of Siris Capital Group, LLC (“Siris”). At the effective time of the Merger, each share of the Company’s common stock issued and outstanding immediately prior to th",,,,,,,False,unknown,acquirer_pe_buyer_unresolved,,
DEAL-CHYRON-VECTOR-2014,2014-11-17,Vector Capital,strategic,0001437749-14-020985,8-K,2014-11-17,2014-11-17T17:13:53,manifest_announcement_accession,defined_parent_term,"L.P., a newly formed Cayman Islands exempted limited partnership","tion, a New York corporation (the “Company”), entered into an Agreement and Plan of Merger (the “Merger Agreement”) with Vector CH Holdings (Cayman), L.P., a newly formed Cayman Islands exempted limited partnership (“Parent”), and CH Merger Sub, Inc., a newly formed New York",,,,True,"of Parent (“Merger Subsidiary”), providing for the merger (the “Merger”) of Merger Subsidiary with and into the Company, with the Company surviving the Merger as a wholly-owned subsidiary of Parent. Parent and Merger Subsidiary are controlled affiliates of Vector Capital Management, L.P. (the “Sponsor”). At the effective time of the Merger (the “Effective Time”), each share of common stock of the ",,,,,,,False,unknown,acquirer_pe_buyer_unresolved,,
DEAL-OPLINK-KOCH-2014,2014-11-19,KOCH INDUSTRIES,strategic,0001047469-14-009363,8-K,2014-11-19,2014-11-19T11:42:08,manifest_announcement_accession,defined_parent_term,"Koch Industries, Inc","an of Merger. On November 18, 2014, Oplink Communications, Inc. (the""Company"") entered into an agreement and plan of merger (""Merger Agreement"") with Koch Industries, Inc. (""Parent""), and Koch Optics, Inc., a wholly owned indirect s",,,,False,,,923338,,,,,True,unknown,acquirer_no_unique_sec_registrant,,
DEAL-AVANIR-OTSUKA-2014,2014-12-02,OTSUKA PHARMACEUTICAL,strategic,0001193125-14-430241,8-K,2014-12-02,2014-12-02T09:16:01,manifest_announcement_accession,defined_parent_term,"Ltd., a Japanese joint stock company","Pharmaceuticals, Inc., a Delaware corporation (the “Company” or “Avanir”), entered into an Agreement and Plan of Merger (the “Merger Agreement”) with Otsuka Pharmaceutical Co., Ltd., a Japanese joint stock company (“Parent”), and Bigarade Corporation, a Delaware corporation",,,,False,,,,,,,,False,unknown,acquirer_no_unique_sec_registrant,,
DEAL-MICROF-FORTRE-2014,2014-12-16,Fortress Investment Group LLC,strategic,0001047469-14-009943,8-K,2014-12-16,2014-12-16T17:16:05,manifest_announcement_accession,defined_parent_term,MF Parent LP,"Financial Incorporated, a Massachusetts corporation (""MFI""or the""Company""), entered into an Agreement and Plan of Merger (the""Merger Agreement"") with MF Parent LP, a Delaware limited partnership (""Parent"") and MF Merger Sub Corp., a Massachusetts corporat",,,,True,"nt"") with MF Parent LP, a Delaware limited partnership (""Parent"") and MF Merger Sub Corp., a Massachusetts corporation and a wholly-owned subsidiary of Parent (""Purchaser""). Parent is an affiliate of funds managed by an affiliate of Fortress Investment Group LLC. Pursuant to the Merger Agreement, and upon the terms and subject to the conditions thereof, Purchaser has agreed to commence a tender of",,,,,,,False,unknown,acquirer_pe_buyer_unresolved,,
DEAL-PEERLE-MOBIUS-2014,2014-12-24,"Mobius Acquisition, LLC",strategic,0001437749-14-022588,8-K,2014-12-24,2014-12-24T14:18:29,manifest_announcement_accession,defined_parent_term,"Mobius Acquisition, LLC","Delaware corporation (the “Company”), has entered into an Agreement and Plan of Merger, dated as of December 22, 2014 (the “Merger Agreement”), with Mobius Acquisition, LLC, a Delaware limited liability company (“Parent”), and Mobius Acquisition Merger Sub, Inc., a Delaw",,,,False,,,1629905,,,,,True,unknown,acquirer_no_unique_sec_registrant,,
DEAL-SILICO-LATTIC-2015,2015-01-27,Lattice Semiconductor Corporation,strategic,0001193125-15-021000,8-K,2015-01-27,2015-01-27T06:48:07,manifest_announcement_accession,defined_parent_term,Lattice Semiconductor Corporation,"into a Material Definitive Agreement. Agreement and Plan of Merger. On January 26, 2015, Silicon Image, Inc., a Delaware corporation (the “Company”), Lattice Semiconductor Corporation, a Delaware corporation (“Parent”), and Cayabyab Merger Company, a Delaware corporat",,,,False,,Lattice Semiconductor Corporation,855658,855658,LATTICE SEMICONDUCTOR CORP,3674,Semiconductors & Related Devices,True,resolved,,,
DEAL-ATHLON-ENCANA-2014,2014-10-02,ENCANA CORPORATION,strategic,0001104659-14-069680,8-K,2014-10-02,2014-10-02T14:23:12,manifest_announcement_accession,defined_parent_term,Encana Corporation,"nto a Material Definitive Agreement. Agreement and Plan of Merger. On September 27, 2014, Athlon Energy Inc., a Delaware corporation (the “Company”), Encana Corporation, a Canadian corporation (“Parent”), and Alenco Acquisition Company Inc., a Delaware",,,,False,,Encana Corporation,1157806,1157806,ENCANA CORP,1311,Crude Petroleum & Natural Gas,True,resolved,,,
DEAL-ELECSY-LINDSA-2014,2014-11-04,Lindsay,strategic,0001140361-14-040135,8-K,2014-11-04,2014-11-04T17:03:27,manifest_announcement_accession,defined_parent_term,Lindsay Corporation,"nitive Agreement. On November 4, 2014, Elecsys Corporation (the “Company”) entered into an Agreement and Plan of Merger (the “Merger Agreement”) with Lindsay Corporation, a Delaware corporation (“Parent”) and Matterhorn Merger Sub, Inc., a Kansas corpora",,,,False,,Lindsay Corporation,836157,836157,LINDSAY CORP,3523,Farm Machinery & Equipment,True,resolved,,,
DEAL-ENTROP-MAXLIN-2015,2015-02-03,MaxLinear,strategic,0001227930-15-000003,8-K,2015-02-03,2015-02-03T16:29:24,manifest_announcement_accession,merger_agreement_party_clause,"MaxLinear, Inc","ications, Inc., a Delaware corporation (the “Company”), entered into an Agreement and Plan of Merger and Reorganization (the “Merger Agreement”) with MaxLinear, Inc., a Delaware corporation (“MaxLinear”), in a combined stock and cash transaction valued",,,,False,,"MaxLinear, Inc",1288469,1288469,"MAXLINEAR, INC",3674,Semiconductors & Related Devices,True,resolved,,,
DEAL-E2OPEN-INSIGH-2015,2015-02-05,Insight,strategic,0001193125-15-034709,8-K,2015-02-05,2015-02-05T10:27:01,manifest_announcement_accession,defined_parent_term,"LLC, a newly-formed Delaware limited liability company","finitive Agreement. Agreement and Plan of Merger and Related Transactions. On February 4, 2015, E2open, Inc., a Delaware corporation (the “Company”), Eagle Parent Holdings, LLC, a newly-formed Delaware limited liability company (“Parent”), and Eagle Acquisition Sub, Corp., a newly-formed",,,,True,nd Elliott Management entered into (i) limited guarantees in favor of the Company with respect to certain obligations and liabilities of Parent and Acquisition Sub under the Merger Agreement and (ii) equity commitment letters with Parent and the Company with respect to certain obligations and liabilities of Parent and Acquisition Sub under the Merger Agreement in an amount sufficient to fund the t,,,,,,,False,unknown,acquirer_pe_buyer_unresolved,,
DEAL-ORBITZ-EXPEDI-2015,2015-02-13,"Expedia, Inc",strategic,0001193125-15-048176,8-K,2015-02-13,2015-02-13T07:17:34,manifest_announcement_accession,defined_parent_term,"EXPEDIA, INC","oration. iii. AGREEMENT AND PLAN OF MERGER. This AGREEMENT AND PLAN OF MERGER, dated as of February 12, 2015 (this “Agreement”), is made by and among EXPEDIA, INC., a Delaware corporation (the “Parent”), XETA, INC., a Delaware corporation and an indire",,,,False,,"EXPEDIA, INC",1095357;1324424,1324424,"Expedia Group, Inc.",4700,Transportation Services,True,resolved,,,
DEAL-SAPIEN-PUBLIC-2014,2014-11-03,PUBLICIS GROUPE S.A,strategic,0000950157-14-001152,8-K,2014-11-03,2014-11-03T06:32:36,manifest_announcement_accession,defined_parent_term,Publicis Groupe S.A,"Sapient Corporation, a Delaware corporation (the “Company” or “Sapient”), entered into an Agreement and Plan of Merger (the “Merger Agreement”) with Publicis Groupe S.A., a French société anonyme (“Parent”), and 1926 Merger Sub Inc., a Delaware corporation",,,,False,,,1050952,,,,,True,unknown,acquirer_no_unique_sec_registrant,,
DEAL-RIVERB-PROJEC-2014,2014-12-15,PROJECT HOMESTAKE HOLDINGS,strategic,0001193125-15-004121,PREM14A,2015-01-07,2015-01-07T17:28:22,fallback_PREM14A,defined_parent_term,"Project Homestake Holdings, LLC","nology, Inc. 680 Folsom Street. San Francisco, California 94107. Members of the Board:. We understand that Riverbed Technology, Inc. (the “Company”), Project Homestake Holdings, LLC (“Parent”) and Project Homestake Merger Corp., a wholly-owne",,,,True,"stake Holdings, LLC, a Delaware limited liability company (“Newco”), and Project Homestake Merger Corp., a Delaware corporation (“Merger Sub”). Newco and Merger Sub were formed by an affiliate of the private equity investment firm Thoma Bravo, LLC (“Thoma Bravo”). Pursuant to the terms of the Merger Agreement, Merger Sub will merge with and into Riverbed (the “Merger”), and Riverbed will become a ",,,,,,,True,unknown,acquirer_pe_buyer_unresolved,,
DEAL-ADVENT-SSCTEC-2015,2015-02-03,SS&C Technologies,strategic,0001047469-15-000551,8-K,2015-02-03,2015-02-02T19:20:31,manifest_announcement_accession,defined_parent_term,"SS&C Technologies Holdings, Inc","nitive Agreement. On February 2, 2015, Advent Software, Inc. (the""Company"") entered into an Agreement and Plan of Merger (the""Merger Agreement"") with SS&C Technologies Holdings, Inc. (""Parent"") and Arbor Acquisition Company, Inc., a wholly own",,,,False,,"SS&C Technologies Holdings, Inc",1402436,1402436,SS&C Technologies Holdings Inc,7372,Services-Prepackaged Software,True,resolved,,,
DEAL-SALIX-VALEAN-2015,2015-02-23,VALEANT PHARMACEUTICALS INTERNATIONAL,strategic,0001193125-15-057077,8-K,2015-02-23,2015-02-23T06:10:01,manifest_announcement_accession,defined_parent_term,Valeant Pharmaceuticals International,"harmaceuticals, Ltd., a Delaware corporation (the “Company”), entered into an Agreement and Plan of Merger (the “Merger Agreement”), by and among the Company, Valeant Pharmaceuticals International, a Delaware corporation (“Parent”), Sun Merger Sub, Inc., a Delaware corporation and",,,,False,,Valeant Pharmaceuticals International,885590;930184,885590,Bausch Health Companies Inc.,2834,Pharmaceutical Preparations,True,resolved,,,
DEAL-INFORM-ITALIC-2015,2015-04-07,Italics Inc,strategic,0001047469-15-004279,PREM14A,2015-05-01,2015-05-01T16:36:12,fallback_PREM14A,defined_parent_term,Italics Inc,"Informatica Corporation. 100 Cardinal Way. Redwood City, CA 94063. Members of the Board:. We understand that Informatica Corporation (the""Company""), Italics Inc. (""Parent""), and Italics Merger Sub Inc., a wholly owned subs",,,,True,"bsidiary of Newco (""Merger Sub""). Newco and Merger Sub have secured committed financing, consisting of a combination of equity to be provided by the Canada Pension Plan Investment Board (""CPPIB"") and investment funds advised by Permira Advisers LLC (""Permira"") and debt financing the aggregate proceeds of which, together with Informatica's available cash, cash equivalents or marketable securities w",,,,,,,True,unknown,acquirer_pe_buyer_unresolved,,
DEAL-EXCEL-BLACKS-2015,2015-04-10,Blackstone,strategic,0001193125-15-126195,8-K,2015-04-10,2015-04-10T16:44:44,manifest_announcement_accession,defined_parent_term,BRE Retail Centers Holdings LP,"e-4(c)). Item 1.01 Entry into a Material Definitive Agreement. The Agreement and Plan of Merger. On April 9, 2015, Excel Trust, Inc. (the “Company”), BRE Retail Centers Holdings LP (“Parent”), BRE Retail Centers Corp (“Merger Sub”), BRE Reta",,,,True,"f Merger Partnership will cease. The Merger Agreement, the Mergers and the other transactions contemplated thereby were unanimously approved by the Company’s Board of Directors (the “Company Board”). Parent, Merger Sub and Merger Partnership are affiliates of Blackstone Property Partners L.P. Pursuant to the terms and conditions in the Merger Agreement, at the effective time of the Company Merger ",,,,,,,False,unknown,acquirer_pe_buyer_unresolved,,
DEAL-DOVER-WEBSTE-2015,2015-04-14,Webster Capital,strategic,0001299933-15-000548,8-K,2015-04-14,2015-04-14T10:08:03,manifest_announcement_accession,defined_parent_term,"Dover Saddlery Holdings, Inc","op of the Form. Item 1.01 Entry into a Material Definitive Agreement. On April 13, 2015, Dover Saddlery, Inc., a Delaware corporation (""Registrant""), Dover Saddlery Holdings, Inc., a Delaware corporation (""Parent""), and Dover Saddlery Merger Sub, Inc., a Delaware",,,,True,"ation (""Parent""), and Dover Saddlery Merger Sub, Inc., a Delaware corporation and a direct wholly owned subsidiary of Parent (""Sub"") entered into an Agreement and Plan of Merger (""Merger Agreement""). Parent and Sub are affiliates of Webster Capital (""Webster"") and at the closing of the transactions contemplated by the Merger Agreement, Parent will be owned by funds managed by Webster and affiliate",,1640382,,,,,False,unknown,acquirer_pe_buyer_unresolved,,
DEAL-PROCER-FRANCI-2015,2015-04-22,Francisco Partners,strategic,0001193125-15-140936,8-K,2015-04-22,2015-04-22T06:30:33,manifest_announcement_accession,defined_parent_term,"KDR Holding, Inc","pril 21, 2015, Procera Networks, Inc., a Delaware corporation (“Procera”), entered into an Agreement and Plan of Merger (the “Merger Agreement”) with KDR Holding, Inc., a Delaware corporation (“Parent”), and KDR Acquisition, Inc., a Delaware corporatio",,,,True,"of Merger (the “Merger Agreement”) with KDR Holding, Inc., a Delaware corporation (“Parent”), and KDR Acquisition, Inc., a Delaware corporation and a wholly owned subsidiary of Parent (“Purchaser”). Parent and Purchaser are beneficially owned by affiliates of Francisco Partners IV, L.P. and Francisco Partners IV-A, L.P. (collectively, “Francisco Partners”). The Offer and the Merger. Pursuant to th",,,,,,,False,unknown,acquirer_pe_buyer_unresolved,,
DEAL-OMNIVI-HUA-2015,2015-04-30,HUA CAPITAL MANAGEMENT,strategic,0001104659-15-032001,8-K,2015-04-30,2015-04-30T08:30:15,manifest_announcement_accession,,,,,,,False,,,,,,,,,unknown,acquirer_not_identified_in_merger_filing,,
DEAL-BORDER-PITNEY-2015,2015-05-06,Pitney Bowes Inc,strategic,0001277141-15-000027,8-K,2015-05-06,2015-05-05T21:14:09,manifest_announcement_accession,defined_parent_term,Pitney Bowes Inc,"15, Borderfree, Inc., a Delaware corporation (the “Company”), entered into an Agreement and Plan of Merger (the “Merger Agreement”), by and among the Company, Pitney Bowes Inc., a Delaware corporation (“Parent”), and BrickBreaker Acquisition Corp., a Delaware c",,,,False,,Pitney Bowes Inc,78814,78814,PITNEY BOWES INC /DE/,3579,"Office Machines, NEC",True,resolved,,,
DEAL-QUALIT-FUNDS-2015,2015-05-07,Apax Partners,strategic,0001193125-15-176042,8-K,2015-05-07,2015-05-07T08:27:34,manifest_announcement_accession,defined_parent_term,"Gruden Acquisition, Inc","tive Agreement. On May 6, 2015, Quality Distribution, Inc. (the “Company”) entered into an Agreement and Plan of Merger (the “Merger Agreement”) with Gruden Acquisition, Inc., a Delaware corporation (“Parent”) and Gruden Merger Sub, Inc., a Florida corporatio",,,,True,", Inc., a Florida corporation and a wholly owned subsidiary of Parent (“Merger Sub”), providing for, among other things, the acquisition of the Company by Parent. Parent and Merger Sub were formed by funds affiliated with Apax Partners L.P. (“Apax”). Subject to the terms and conditions of the Merger Agreement, Merger Sub will be merged with and into the Company (the “Merger”), with the Company sur",,,,,,,False,unknown,acquirer_pe_buyer_unresolved,,
DEAL-ANN-ASCENA-2015,2015-05-18,ASCENA RETAIL GROUP,strategic,0001193125-15-191007,8-K,2015-05-18,2015-05-18T08:32:38,manifest_announcement_accession,defined_parent_term,"Ascena Retail Group, Inc","tment Letter. iii. AGREEMENT AND PLAN OF MERGER. This AGREEMENT AND PLAN OF MERGER, dated as of May 17, 2015 (this “Agreement”), is made by and among Ascena Retail Group, Inc., a Delaware corporation (“Parent”), Avian Acquisition Corp., a Delaware corporation",,,,False,,"Ascena Retail Group, Inc",1498301,1498301,"Mahwah Bergen Retail Group, Inc.",5600,Retail-Apparel & Accessory Stores,True,resolved,,,
DEAL-FRISCH-NRD-2015,2015-05-22,"NRD Partners I, L.P",strategic,0001144204-15-033064,8-K,2015-05-22,2015-05-22T08:13:36,manifest_announcement_accession,defined_parent_term,"FRI Holding Company, LLC","21, 2015, Frisch’s Restaurants, Inc., an Ohio corporation (the “Company”), entered into an Agreement and Plan of Merger (the “Merger Agreement”) with FRI Holding Company, LLC, a Delaware limited liability company (“Parent”) and FRI Merger Sub, LLC, an Ohio limited liabilit",NRD Partners I,"an Ohio limited liability company and wholly-owned subsidiary of Parent (“Merger Sub”). Both Parent and Merger Sub are wholly-owned subsidiaries of NRD Partners I, L.P., a Delaware limited partnership (",,True,"”) with FRI Holding Company, LLC, a Delaware limited liability company (“Parent”) and FRI Merger Sub, LLC, an Ohio limited liability company and wholly-owned subsidiary of Parent (“Merger Sub”). Both Parent and Merger Sub are wholly-owned subsidiaries of NRD Partners I, L.P., a Delaware limited partnership (“NRD”). The Merger Agreement was approved by the Company’s board of directors (the “Board”)",,1643845,,,,,True,unknown,acquirer_pe_buyer_unresolved,,
DEAL-OM-APOLLO-2015,2015-06-01,Apollo,strategic,0001193125-15-209410,8-K,2015-06-01,2015-06-01T17:30:01,manifest_announcement_accession,defined_parent_term,"Duke Acquisition Holdings, LLC",") under the Exchange Act (17 CFR 240.13e.4(c)). Item 1.01 Entry into Material Definitive Agreements. On May 31, 2015, OM Group, Inc. (the “Company”), Duke Acquisition Holdings, LLC (“Parent”), Duke Acquisition, Inc., a wholly owned subsidiar",,,,False,,,,,,,,False,unknown,acquirer_no_unique_sec_registrant,,
DEAL-NAUGAT-LIBERT-2015,2015-06-04,Liberty,strategic,0001144204-15-035543,8-K,2015-06-04,2015-06-04T16:29:42,manifest_announcement_accession,,,,,,,False,,,,,,,,,unknown,acquirer_not_identified_in_merger_filing,,
DEAL-INTEGR-UPHILL-2015,2015-06-11,Uphill Investment Co,strategic,0001193125-15-220346,8-K,2015-06-11,2015-06-11T14:02:05,manifest_announcement_accession,defined_parent_term,Uphill Investment Co,"ct (17 CFR 240.13e-4(c)). Item 1.01. Entry into a Material Definitive Agreement. On June 11, 2015, Integrated Silicon Solution, Inc. (the “Company”), Uphill Investment Co. (“Parent”) and Indigo Acquisition Sub, a wholly owned subsid",,,,False,,,,,,,,True,unknown,acquirer_no_unique_sec_registrant,,
DEAL-COAST-LKQ-2015,2015-07-09,LKQ CORPORATION,strategic,0001193125-15-249139,8-K,2015-07-09,2015-07-09T16:41:08,manifest_announcement_accession,defined_parent_term,"Keystone Automotive Operations, Inc","poration (the “Company”), entered into an Agreement and Plan of Merger (the “Merger Agreement”) with LKQ Corporation, a Delaware corporation (“LKQ”), Keystone Automotive Operations, Inc., a Pennsylvania corporation and a direct or indirect wholly-owned subsidiary of LKQ (“Parent”), and KAO Acquisition Sub, Inc., a Delaware corpor",,,,False,,,1058198,,,,,False,unknown,acquirer_no_unique_sec_registrant,,
DEAL-REMY-BORGWA-2015,2015-07-13,BorgWarner Inc,strategic,0001193125-15-251363,8-K,2015-07-13,2015-07-13T17:25:34,manifest_announcement_accession,defined_parent_term,BorgWarner Inc,"emy International, Inc., a Delaware corporation (“Remy” or the “Company”), entered into an Agreement and Plan of Merger (the “Merger Agreement”) with BorgWarner Inc., a Delaware corporation (“Parent”), and Parent’s wholly-owned subsidiary, Band Merge",,,,False,,BorgWarner Inc,908255,908255,BORGWARNER INC,3714,Motor Vehicle Parts & Accessories,True,resolved,,,
DEAL-STJUDE-SJM-2015,2015-07-22,SJM International,strategic,0001104659-15-052337,8-K,2015-07-22,2015-07-22T09:35:59,manifest_announcement_accession,defined_parent_term,"SJM International, Inc","hange Act (17 CFR 240.14d-2(b)). o Pre-commencement communications pursuant to Rule 13e-4(c) under the Exchange Act (17 CFR 240.13e-4(c)). Item 1.01. Entry into a Material Definitive Agreement. Merger Agreement. On July 21, 2015, SJM International, Inc. (“Parent”), a Delaware corporation and a wholly-owned subsid",St,"initive Agreement. Merger Agreement. On July 21, 2015, SJM International, Inc. (“Parent”), a Delaware corporation and a wholly-owned subsidiary of St. Jude Medical, Inc., a Minnesota corpor",,False,,,,,,,,True,unknown,acquirer_no_unique_sec_registrant,,
DEAL-TECUMS-MUELLE-2015,2015-08-05,MUELLER,strategic,0000096831-15-000058,8-K,2015-08-05,2015-08-05T08:59:34,manifest_announcement_accession,defined_parent_term,MA Industrial JV LLC,", 2015, Tecumseh Products Company (the “Company”), a Michigan corporation, entered into an Agreement and Plan of Merger (the “Merger Agreement”) with MA Industrial JV LLC (“Parent”), a Delaware limited liability company, and MA Ind",,,,False,,,1649216,,,,,False,unknown,acquirer_no_unique_sec_registrant,,
DEAL-STEINE-CATTER-2015,2015-08-21,CATTERTON,strategic,0001193125-15-299147,8-K,2015-08-21,2015-08-21T17:16:34,manifest_announcement_accession,defined_parent_term,"Inc., an international business company incorporated under the laws of the Commonwealth of The Bahamas","ed under the laws of the Commonwealth of The Bahamas (the “Company”), entered into an Agreement and Plan of Merger (the “Merger Agreement”) with Nemo Parent, Inc., an international business company incorporated under the laws of the Commonwealth of The Bahamas (“Parent”), and Nemo Merger Sub, Inc., an international busi",,,,True,"eting of its shareholders for the purpose of obtaining the Requisite Company Vote. Parent has obtained debt and equity financing commitments for the transactions contemplated by the Merger Agreement. Investment funds affiliated with Catterton (“Sponsor”) have committed to capitalize Parent, on or prior to the closing of the Merger, with an aggregate equity contribution in an amount up to $336 mill",,,,,,,False,unknown,acquirer_pe_buyer_unresolved,,
DEAL-BLYTH-CARLYL-2015,2015-08-31,The Carlyle Group,strategic,0001193125-15-307511,8-K,2015-08-31,2015-08-31T08:11:06,manifest_announcement_accession,defined_parent_term,"CB Shine Holdings, LLC",". Annex I. Offer Conditions. (iii). AGREEMENT AND PLAN OF MERGER. This AGREEMENT AND PLAN OF MERGER (this “Agreement”) is made and entered into as of August 30, 2015 by and among CB Shine Holdings, LLC, a Delaware limited liability company (“Parent”), CB Shine Merger Sub, Inc., a Delaware corporatio",,,,False,,,1655468,,,,,False,unknown,acquirer_no_unique_sec_registrant,,
DEAL-STRATE-BLACKS-2015,2015-09-08,BLACKSTONE,strategic,0001193125-15-314638,8-K,2015-09-08,2015-09-08T17:25:02,manifest_announcement_accession,defined_parent_term,BRE Diamond Hotel Holdings LLC,"ating Partnership” and, together with the Company, the “Company Parties”), entered into an Agreement and Plan of Merger (the “Merger Agreement”) with BRE Diamond Hotel Holdings LLC, a Delaware limited liability company (“Parent”), BRE Diamond Hotel LLC, a Delaware limited liabil",,,,True,"ent (“Merger Sub”), and BRE Diamond Hotel Acquisition LLC, a Delaware limited liability company whose sole member is Merger Sub (“Merger Opco”). Parent, Merger Sub and Merger Opco (collectively, the “Buyer Parties”) are affiliates of Blackstone Real Estate Partners VIII L.P., an affiliate of The Blackstone Group L.P. Pursuant to the Merger Agreement, the Company will merge with and into Merger Sub",,,,,,,False,unknown,acquirer_pe_buyer_unresolved,,
DEAL-BIOMED-BLACKS-2015,2015-10-08,BLACKSTONE,strategic,0001193125-15-340425,8-K,2015-10-08,2015-10-08T17:17:08,manifest_announcement_accession,defined_parent_term,BRE Edison Holdings L.P,"em 1.01. Entry into a Material Definitive Agreement. The Agreement and Plan of Merger. On October 7, 2015, BioMed Realty Trust, Inc. (the “Company”), BRE Edison Holdings L.P. (“Parent”), BRE Edison L.P. (“Merger Sub I”), BRE Edison Acq",,,,True,"eparate corporate existence of the Company will cease. The Mergers and the other transactions contemplated thereby were unanimously approved by the Company’s Board of Directors (the “Company Board”). Parent, Merger Sub I and Merger Sub II are affiliates of Blackstone Real Estate Partners VIII L.P., an affiliate of The Blackstone Group L.P. Pursuant to the terms and conditions in the Merger Agreeme",,,,,,,False,unknown,acquirer_pe_buyer_unresolved,,
