deal_id,party,producer,consumer,shipping_dependent,hedged,note
DEAL-ATHLON-ENCANA-2014,target,yes,unknown,yes,unknown,"E&P with proved reserves; 10-Q cites higher transportation fees to move gas production; derivatives mentioned but packet does not state commodity purpose"
DEAL-ATHLON-ENCANA-2014,acquirer,yes,unknown,unknown,yes,"E&P; uses derivatives to mitigate natural gas and liquids price declines"
DEAL-CHNG-UNH-2021,target,unknown,unknown,unknown,unknown,"Healthcare technology; only interest-rate derivatives; no commodity/freight disclosure in packet"
DEAL-CHNG-UNH-2021,acquirer,unknown,unknown,unknown,unknown,"Health insurer; interest-rate swaps only"
DEAL-CLDR-KKRCDR-2021,target,unknown,unknown,unknown,unknown,"Software; only FX forwards"
DEAL-CLDR-KKRCDR-2021,acquirer,unknown,unknown,unknown,unknown,"Acquirer identity unresolved (Sky Parent Inc.); no filings"
DEAL-CXO-COP-2020,target,yes,unknown,unknown,yes,"E&P with proved reserves; commodity derivatives"
DEAL-CXO-COP-2020,acquirer,yes,unknown,yes,yes,"Explores for and produces crude/gas; Libya export terminal blockade interrupted crude liftings; holds commodity derivatives (futures/forwards/swaps)"
DEAL-FRISCH-NRD-2015,target,unknown,yes,unknown,no_disclosed,"Restaurants; electricity/natural gas and food commodity costs; explicitly does not hedge commodity prices"
DEAL-FRISCH-NRD-2015,acquirer,unknown,unknown,unknown,unknown,"Acquirer identity unresolved (NRD Partners I, L.P); no eligible filing"
DEAL-GNW-OCEANWIDE-2016,target,unknown,unknown,unknown,unknown,"Insurer; interest-rate/equity/FX derivatives only"
DEAL-GNW-OCEANWIDE-2016,acquirer,unknown,unknown,unknown,unknown,"Acquirer identity unresolved"
DEAL-HILLSH-TYSON-2014,target,yes,yes,yes,yes,"Raises turkeys, commodity pork/turkey businesses; commodity input costs; commodity prices affect cost to ship products; commodity futures/options hedging"
DEAL-HILLSH-TYSON-2014,acquirer,yes,yes,yes,yes,"Meat protein/food production; feed grain and livestock costs; shipping costs and fuel surcharges; grain/livestock futures"
DEAL-IRBT-AMZN-2022,target,unknown,yes,yes,unknown,"Consumer robots; higher raw materials costs; increased freight/oceanic transport costs; FX hedges only"
DEAL-IRBT-AMZN-2022,acquirer,unknown,unknown,yes,unknown,"Retail; rising shipping costs and reliance on limited shipping companies; no commodity input or commodity hedge disclosure in packet"
DEAL-MDLA-TB-2021,target,unknown,unknown,unknown,unknown,"Software; FX hedges only"
DEAL-MDLA-TB-2021,acquirer,unknown,unknown,unknown,unknown,"Acquirer identity unresolved (Project Metal Parent, LLC)"
DEAL-MNTV-ZEN-2021,target,unknown,unknown,unknown,unknown,"Survey software; no material derivatives"
DEAL-MNTV-ZEN-2021,acquirer,unknown,unknown,unknown,unknown,"Software; FX hedging only"
DEAL-OM-APOLLO-2015,target,unknown,yes,unknown,yes,"Industrial; rare earth/raw material price fluctuation risk; nickel forward derivatives; cobalt distribution ended 2013 so not treated as current producer"
DEAL-OM-APOLLO-2015,acquirer,unknown,unknown,unknown,unknown,"Acquirer identity unresolved (Apollo)"
DEAL-PROCER-FRANCI-2015,target,unknown,unknown,unknown,unknown,"Network software/hardware; freight only as an accounting classification; no FX or commodity hedging"
DEAL-PROCER-FRANCI-2015,acquirer,unknown,unknown,unknown,unknown,"Acquirer identity unresolved (Francisco Partners)"
DEAL-QUALIT-FUNDS-2015,target,unknown,unknown,unknown,unknown,"Bulk tank-truck carrier and crude/water hauler; demand tied to oil prices (customer-side), but packet shows no first-person fuel/commodity input-cost or hedge statement; transporter rather than shipping-dependent"
DEAL-QUALIT-FUNDS-2015,acquirer,unknown,unknown,unknown,unknown,"Acquirer identity unresolved (Apax Partners)"
DEAL-SAPIEN-PUBLIC-2014,target,unknown,unknown,unknown,unknown,"IT services; FX derivatives only"
DEAL-SAPIEN-PUBLIC-2014,acquirer,unknown,unknown,unknown,unknown,"Acquirer identity unresolved (Publicis Groupe S.A)"
DEAL-SIGMA-MERCK-2014,target,unknown,yes,yes,unknown,"Life-science chemicals maker (not a commodity producer); raw material price fluctuation risk; relies on sea/air cargo carriers, disruption may raise costs; FX hedges only"
DEAL-SIGMA-MERCK-2014,acquirer,unknown,unknown,unknown,unknown,"Acquirer identity unresolved (Merck KGaA; no eligible SEC annual report)"
DEAL-STRATE-BLACKS-2015,target,unknown,unknown,unknown,unknown,"Hotel REIT; interest-rate derivatives only in packet"
DEAL-STRATE-BLACKS-2015,acquirer,unknown,unknown,unknown,unknown,"Alternative asset manager; energy funds are investments, not operating exposure; no commodity hedge"
DEAL-TECUMS-MUELLE-2015,target,unknown,yes,unknown,yes,"Compressor maker; steel/copper/aluminum price volatility; commodity derivative hedges of forecasted purchases"
DEAL-TECUMS-MUELLE-2015,acquirer,unknown,unknown,unknown,unknown,"Acquirer identity unresolved (MUELLER, ambiguous)"
DEAL-TWC-CMCSA-2014,target,unknown,unknown,unknown,unknown,"Cable operator; interest-rate and cross-currency derivatives only in packet"
DEAL-TWC-CMCSA-2014,acquirer,unknown,yes,unknown,unknown,"Regulation could increase cost of electricity, a significant operating cost; interest/FX/equity derivatives only"
DEAL-TWTR-XHOLDINGS-2022,target,unknown,unknown,unknown,unknown,"Social platform; energy listed as a data-center cost component but no price-impact statement; FX/note hedges only"
DEAL-TWTR-XHOLDINGS-2022,acquirer,unknown,unknown,unknown,unknown,"Acquirer identity unresolved (X Holdings I, Inc.)"
DEAL-VITACO-KROGER-2014,target,unknown,yes,yes,unknown,"Online retailer; raw material cost increases could reduce margins; relies on third-party carriers exposed to fuel costs and disruption"
DEAL-VITACO-KROGER-2014,acquirer,unknown,yes,yes,unknown,"Supermarkets with fuel centers (retail, not treated as producer); fuel prices affect costs of producing/procuring products; weather could interrupt delivery of products to stores; no commodity hedge in packet"
